title,description,content,thumbnail,relatedLink,status,likes,categoryId,authorId,tagIds,publishedAt
AI trong y học dưới góc nhìn bác sĩ,Giúp bạn hiểu rõ hơn về tầm quan trọng của việc duy trì lối sống lành mạnh. Bài viết chia sẻ kinh nghiệm thực tế từ các bác sĩ chuyên khoa.,"Công nghệ robot hỗ trợ phẫu thuật đang mở ra một kỷ nguyên mới trong ngành y. Bệnh nhân hồi phục nhanh hơn và tỷ lệ biến chứng giảm đáng kể.

Không chỉ về mặt kỹ thuật, yếu tố con người vẫn là trung tâm của y học. Tình cảm, sự đồng cảm của bác sĩ đóng vai trò lớn trong hiệu quả điều trị.

Chăm sóc sức khỏe cá nhân không chỉ dừng lại ở việc khám bệnh định kỳ, mà còn bao gồm chế độ ăn uống và luyện tập khoa học. Nhiều nghiên cứu cho thấy việc duy trì lối sống lành mạnh có thể giảm nguy cơ mắc bệnh mãn tính.

Trong những năm gần đây, ngành y tế đang chứng kiến sự thay đổi mạnh mẽ nhờ vào công nghệ hiện đại. Trí tuệ nhân tạo và học máy giúp các bác sĩ chẩn đoán bệnh nhanh hơn, chính xác hơn.",blog_030.jpg,https://health.vn/article/5933,PUBLISHED,3202,25,27,"140,122",2025-06-19 00:00:00
Y học hiện đại dưới góc nhìn bác sĩ,Tổng hợp lời khuyên từ các chuyên gia hàng đầu trong lĩnh vực y học. Giúp bạn hiểu rõ hơn về tầm quan trọng của việc duy trì lối sống lành mạnh.,"Chăm sóc sức khỏe cá nhân không chỉ dừng lại ở việc khám bệnh định kỳ, mà còn bao gồm chế độ ăn uống và luyện tập khoa học. Nhiều nghiên cứu cho thấy việc duy trì lối sống lành mạnh có thể giảm nguy cơ mắc bệnh mãn tính.

Công nghệ robot hỗ trợ phẫu thuật đang mở ra một kỷ nguyên mới trong ngành y. Bệnh nhân hồi phục nhanh hơn và tỷ lệ biến chứng giảm đáng kể.

Y học hiện đại kết hợp với dữ liệu lớn (Big Data) đang giúp phát hiện sớm các bệnh nguy hiểm như ung thư, tim mạch, hay tiểu đường.

Y học hiện đại kết hợp với dữ liệu lớn (Big Data) đang giúp phát hiện sớm các bệnh nguy hiểm như ung thư, tim mạch, hay tiểu đường.",blog_026.jpg,https://health.vn/article/4688,DRAFT,3529,31,31,"49,9,157",2024-06-06 00:00:00
Phục hồi chức năng với công nghệ mới,Giúp bạn hiểu rõ hơn về tầm quan trọng của việc duy trì lối sống lành mạnh. Tổng hợp lời khuyên từ các chuyên gia hàng đầu trong lĩnh vực y học.,"Trong những năm gần đây, ngành y tế đang chứng kiến sự thay đổi mạnh mẽ nhờ vào công nghệ hiện đại. Trí tuệ nhân tạo và học máy giúp các bác sĩ chẩn đoán bệnh nhanh hơn, chính xác hơn.

Không chỉ về mặt kỹ thuật, yếu tố con người vẫn là trung tâm của y học. Tình cảm, sự đồng cảm của bác sĩ đóng vai trò lớn trong hiệu quả điều trị.

Y học hiện đại kết hợp với dữ liệu lớn (Big Data) đang giúp phát hiện sớm các bệnh nguy hiểm như ung thư, tim mạch, hay tiểu đường.

Y học hiện đại kết hợp với dữ liệu lớn (Big Data) đang giúp phát hiện sớm các bệnh nguy hiểm như ung thư, tim mạch, hay tiểu đường.",blog_014.jpg,https://health.vn/article/5151,DRAFT,369,28,20,"93,7",2024-05-01 00:00:00
AI trong y học trong thời đại số,Bài viết cung cấp những kiến thức quan trọng về chăm sóc sức khỏe toàn diện. Bài viết cung cấp những kiến thức quan trọng về chăm sóc sức khỏe toàn diện.,"Không chỉ về mặt kỹ thuật, yếu tố con người vẫn là trung tâm của y học. Tình cảm, sự đồng cảm của bác sĩ đóng vai trò lớn trong hiệu quả điều trị.

Chăm sóc sức khỏe cá nhân không chỉ dừng lại ở việc khám bệnh định kỳ, mà còn bao gồm chế độ ăn uống và luyện tập khoa học. Nhiều nghiên cứu cho thấy việc duy trì lối sống lành mạnh có thể giảm nguy cơ mắc bệnh mãn tính.

Trong những năm gần đây, ngành y tế đang chứng kiến sự thay đổi mạnh mẽ nhờ vào công nghệ hiện đại. Trí tuệ nhân tạo và học máy giúp các bác sĩ chẩn đoán bệnh nhanh hơn, chính xác hơn.

Công nghệ robot hỗ trợ phẫu thuật đang mở ra một kỷ nguyên mới trong ngành y. Bệnh nhân hồi phục nhanh hơn và tỷ lệ biến chứng giảm đáng kể.",blog_047.jpg,https://health.vn/article/7630,PUBLISHED,2203,9,21,"15,128",2024-05-15 00:00:00
Lối sống lành mạnh từ thực tiễn lâm sàng,Giúp bạn hiểu rõ hơn về tầm quan trọng của việc duy trì lối sống lành mạnh. Tổng hợp lời khuyên từ các chuyên gia hàng đầu trong lĩnh vực y học.,"Chăm sóc sức khỏe cá nhân không chỉ dừng lại ở việc khám bệnh định kỳ, mà còn bao gồm chế độ ăn uống và luyện tập khoa học. Nhiều nghiên cứu cho thấy việc duy trì lối sống lành mạnh có thể giảm nguy cơ mắc bệnh mãn tính.

Trong những năm gần đây, ngành y tế đang chứng kiến sự thay đổi mạnh mẽ nhờ vào công nghệ hiện đại. Trí tuệ nhân tạo và học máy giúp các bác sĩ chẩn đoán bệnh nhanh hơn, chính xác hơn.

Không chỉ về mặt kỹ thuật, yếu tố con người vẫn là trung tâm của y học. Tình cảm, sự đồng cảm của bác sĩ đóng vai trò lớn trong hiệu quả điều trị.

Trong những năm gần đây, ngành y tế đang chứng kiến sự thay đổi mạnh mẽ nhờ vào công nghệ hiện đại. Trí tuệ nhân tạo và học máy giúp các bác sĩ chẩn đoán bệnh nhanh hơn, chính xác hơn.",blog_050.jpg,https://health.vn/article/3067,ARCHIVED,3240,36,26,"31,63,204",2025-06-30 00:00:00
AI trong y học mà bạn nên biết,Tổng hợp lời khuyên từ các chuyên gia hàng đầu trong lĩnh vực y học. Bài viết cung cấp những kiến thức quan trọng về chăm sóc sức khỏe toàn diện.,"Y học hiện đại kết hợp với dữ liệu lớn (Big Data) đang giúp phát hiện sớm các bệnh nguy hiểm như ung thư, tim mạch, hay tiểu đường.

Chăm sóc sức khỏe cá nhân không chỉ dừng lại ở việc khám bệnh định kỳ, mà còn bao gồm chế độ ăn uống và luyện tập khoa học. Nhiều nghiên cứu cho thấy việc duy trì lối sống lành mạnh có thể giảm nguy cơ mắc bệnh mãn tính.

Trong những năm gần đây, ngành y tế đang chứng kiến sự thay đổi mạnh mẽ nhờ vào công nghệ hiện đại. Trí tuệ nhân tạo và học máy giúp các bác sĩ chẩn đoán bệnh nhanh hơn, chính xác hơn.

Y học hiện đại kết hợp với dữ liệu lớn (Big Data) đang giúp phát hiện sớm các bệnh nguy hiểm như ung thư, tim mạch, hay tiểu đường.",blog_007.jpg,https://health.vn/article/4784,DRAFT,1192,12,12,"184,201,155",2024-05-18 00:00:00
Phòng ngừa bệnh mà bạn nên biết,Bài viết cung cấp những kiến thức quan trọng về chăm sóc sức khỏe toàn diện. Tổng hợp lời khuyên từ các chuyên gia hàng đầu trong lĩnh vực y học.,"Công nghệ robot hỗ trợ phẫu thuật đang mở ra một kỷ nguyên mới trong ngành y. Bệnh nhân hồi phục nhanh hơn và tỷ lệ biến chứng giảm đáng kể.

Trong những năm gần đây, ngành y tế đang chứng kiến sự thay đổi mạnh mẽ nhờ vào công nghệ hiện đại. Trí tuệ nhân tạo và học máy giúp các bác sĩ chẩn đoán bệnh nhanh hơn, chính xác hơn.

Y học hiện đại kết hợp với dữ liệu lớn (Big Data) đang giúp phát hiện sớm các bệnh nguy hiểm như ung thư, tim mạch, hay tiểu đường.

Chăm sóc sức khỏe cá nhân không chỉ dừng lại ở việc khám bệnh định kỳ, mà còn bao gồm chế độ ăn uống và luyện tập khoa học. Nhiều nghiên cứu cho thấy việc duy trì lối sống lành mạnh có thể giảm nguy cơ mắc bệnh mãn tính.",blog_040.jpg,https://health.vn/article/9242,PUBLISHED,1192,19,30,"145,118,103",2025-05-24 00:00:00
Dinh dưỡng theo xu hướng 2025,Khám phá cách ứng dụng công nghệ trong việc chẩn đoán và điều trị bệnh. Tổng hợp lời khuyên từ các chuyên gia hàng đầu trong lĩnh vực y học.,"Chăm sóc sức khỏe cá nhân không chỉ dừng lại ở việc khám bệnh định kỳ, mà còn bao gồm chế độ ăn uống và luyện tập khoa học. Nhiều nghiên cứu cho thấy việc duy trì lối sống lành mạnh có thể giảm nguy cơ mắc bệnh mãn tính.

Trong những năm gần đây, ngành y tế đang chứng kiến sự thay đổi mạnh mẽ nhờ vào công nghệ hiện đại. Trí tuệ nhân tạo và học máy giúp các bác sĩ chẩn đoán bệnh nhanh hơn, chính xác hơn.

Không chỉ về mặt kỹ thuật, yếu tố con người vẫn là trung tâm của y học. Tình cảm, sự đồng cảm của bác sĩ đóng vai trò lớn trong hiệu quả điều trị.

Chăm sóc sức khỏe cá nhân không chỉ dừng lại ở việc khám bệnh định kỳ, mà còn bao gồm chế độ ăn uống và luyện tập khoa học. Nhiều nghiên cứu cho thấy việc duy trì lối sống lành mạnh có thể giảm nguy cơ mắc bệnh mãn tính.",blog_007.jpg,https://health.vn/article/6357,ARCHIVED,1818,43,22,"32,187,83",2025-05-21 00:00:00
Lối sống lành mạnh với công nghệ mới,Giúp bạn hiểu rõ hơn về tầm quan trọng của việc duy trì lối sống lành mạnh. Tổng hợp lời khuyên từ các chuyên gia hàng đầu trong lĩnh vực y học.,"Công nghệ robot hỗ trợ phẫu thuật đang mở ra một kỷ nguyên mới trong ngành y. Bệnh nhân hồi phục nhanh hơn và tỷ lệ biến chứng giảm đáng kể.

Công nghệ robot hỗ trợ phẫu thuật đang mở ra một kỷ nguyên mới trong ngành y. Bệnh nhân hồi phục nhanh hơn và tỷ lệ biến chứng giảm đáng kể.

Công nghệ robot hỗ trợ phẫu thuật đang mở ra một kỷ nguyên mới trong ngành y. Bệnh nhân hồi phục nhanh hơn và tỷ lệ biến chứng giảm đáng kể.

Không chỉ về mặt kỹ thuật, yếu tố con người vẫn là trung tâm của y học. Tình cảm, sự đồng cảm của bác sĩ đóng vai trò lớn trong hiệu quả điều trị.",blog_048.jpg,https://health.vn/article/4886,DRAFT,4662,9,23,133,2024-06-15 00:00:00
Công nghệ y tế theo xu hướng 2025,Bài viết cung cấp những kiến thức quan trọng về chăm sóc sức khỏe toàn diện. Tổng hợp lời khuyên từ các chuyên gia hàng đầu trong lĩnh vực y học.,"Không chỉ về mặt kỹ thuật, yếu tố con người vẫn là trung tâm của y học. Tình cảm, sự đồng cảm của bác sĩ đóng vai trò lớn trong hiệu quả điều trị.

Chăm sóc sức khỏe cá nhân không chỉ dừng lại ở việc khám bệnh định kỳ, mà còn bao gồm chế độ ăn uống và luyện tập khoa học. Nhiều nghiên cứu cho thấy việc duy trì lối sống lành mạnh có thể giảm nguy cơ mắc bệnh mãn tính.

Trong những năm gần đây, ngành y tế đang chứng kiến sự thay đổi mạnh mẽ nhờ vào công nghệ hiện đại. Trí tuệ nhân tạo và học máy giúp các bác sĩ chẩn đoán bệnh nhanh hơn, chính xác hơn.

Trong những năm gần đây, ngành y tế đang chứng kiến sự thay đổi mạnh mẽ nhờ vào công nghệ hiện đại. Trí tuệ nhân tạo và học máy giúp các bác sĩ chẩn đoán bệnh nhanh hơn, chính xác hơn.",blog_015.jpg,https://health.vn/article/7760,DRAFT,4855,27,25,"197,115,4",2024-10-13 00:00:00
Công nghệ y tế dành cho người cao tuổi,Giúp bạn hiểu rõ hơn về tầm quan trọng của việc duy trì lối sống lành mạnh. Giúp bạn hiểu rõ hơn về tầm quan trọng của việc duy trì lối sống lành mạnh.,"Chăm sóc sức khỏe cá nhân không chỉ dừng lại ở việc khám bệnh định kỳ, mà còn bao gồm chế độ ăn uống và luyện tập khoa học. Nhiều nghiên cứu cho thấy việc duy trì lối sống lành mạnh có thể giảm nguy cơ mắc bệnh mãn tính.

Y học hiện đại kết hợp với dữ liệu lớn (Big Data) đang giúp phát hiện sớm các bệnh nguy hiểm như ung thư, tim mạch, hay tiểu đường.

Công nghệ robot hỗ trợ phẫu thuật đang mở ra một kỷ nguyên mới trong ngành y. Bệnh nhân hồi phục nhanh hơn và tỷ lệ biến chứng giảm đáng kể.

Y học hiện đại kết hợp với dữ liệu lớn (Big Data) đang giúp phát hiện sớm các bệnh nguy hiểm như ung thư, tim mạch, hay tiểu đường.",blog_040.jpg,https://health.vn/article/1116,PUBLISHED,775,43,22,"27,194,83",2025-08-11 00:00:00
Lối sống lành mạnh dành cho người cao tuổi,Khám phá cách ứng dụng công nghệ trong việc chẩn đoán và điều trị bệnh. Bài viết chia sẻ kinh nghiệm thực tế từ các bác sĩ chuyên khoa.,"Không chỉ về mặt kỹ thuật, yếu tố con người vẫn là trung tâm của y học. Tình cảm, sự đồng cảm của bác sĩ đóng vai trò lớn trong hiệu quả điều trị.

Công nghệ robot hỗ trợ phẫu thuật đang mở ra một kỷ nguyên mới trong ngành y. Bệnh nhân hồi phục nhanh hơn và tỷ lệ biến chứng giảm đáng kể.

Trong những năm gần đây, ngành y tế đang chứng kiến sự thay đổi mạnh mẽ nhờ vào công nghệ hiện đại. Trí tuệ nhân tạo và học máy giúp các bác sĩ chẩn đoán bệnh nhanh hơn, chính xác hơn.

Trong những năm gần đây, ngành y tế đang chứng kiến sự thay đổi mạnh mẽ nhờ vào công nghệ hiện đại. Trí tuệ nhân tạo và học máy giúp các bác sĩ chẩn đoán bệnh nhanh hơn, chính xác hơn.",blog_011.jpg,https://health.vn/article/8031,DRAFT,3397,1,15,41,2024-08-23 00:00:00
Dinh dưỡng từ thực tiễn lâm sàng,Tổng hợp lời khuyên từ các chuyên gia hàng đầu trong lĩnh vực y học. Khám phá cách ứng dụng công nghệ trong việc chẩn đoán và điều trị bệnh.,"Chăm sóc sức khỏe cá nhân không chỉ dừng lại ở việc khám bệnh định kỳ, mà còn bao gồm chế độ ăn uống và luyện tập khoa học. Nhiều nghiên cứu cho thấy việc duy trì lối sống lành mạnh có thể giảm nguy cơ mắc bệnh mãn tính.

Trong những năm gần đây, ngành y tế đang chứng kiến sự thay đổi mạnh mẽ nhờ vào công nghệ hiện đại. Trí tuệ nhân tạo và học máy giúp các bác sĩ chẩn đoán bệnh nhanh hơn, chính xác hơn.

Trong những năm gần đây, ngành y tế đang chứng kiến sự thay đổi mạnh mẽ nhờ vào công nghệ hiện đại. Trí tuệ nhân tạo và học máy giúp các bác sĩ chẩn đoán bệnh nhanh hơn, chính xác hơn.

Y học hiện đại kết hợp với dữ liệu lớn (Big Data) đang giúp phát hiện sớm các bệnh nguy hiểm như ung thư, tim mạch, hay tiểu đường.",blog_040.jpg,https://health.vn/article/4979,ARCHIVED,4133,44,29,121,2025-05-06 00:00:00
Dinh dưỡng trong thời đại số,Bài viết chia sẻ kinh nghiệm thực tế từ các bác sĩ chuyên khoa. Tổng hợp lời khuyên từ các chuyên gia hàng đầu trong lĩnh vực y học.,"Không chỉ về mặt kỹ thuật, yếu tố con người vẫn là trung tâm của y học. Tình cảm, sự đồng cảm của bác sĩ đóng vai trò lớn trong hiệu quả điều trị.

Y học hiện đại kết hợp với dữ liệu lớn (Big Data) đang giúp phát hiện sớm các bệnh nguy hiểm như ung thư, tim mạch, hay tiểu đường.

Y học hiện đại kết hợp với dữ liệu lớn (Big Data) đang giúp phát hiện sớm các bệnh nguy hiểm như ung thư, tim mạch, hay tiểu đường.

Chăm sóc sức khỏe cá nhân không chỉ dừng lại ở việc khám bệnh định kỳ, mà còn bao gồm chế độ ăn uống và luyện tập khoa học. Nhiều nghiên cứu cho thấy việc duy trì lối sống lành mạnh có thể giảm nguy cơ mắc bệnh mãn tính.",blog_033.jpg,https://health.vn/article/9252,ARCHIVED,1468,16,18,"203,178,173",2024-05-07 00:00:00
AI trong y học với công nghệ mới,Bài viết cung cấp những kiến thức quan trọng về chăm sóc sức khỏe toàn diện. Bài viết cung cấp những kiến thức quan trọng về chăm sóc sức khỏe toàn diện.,"Công nghệ robot hỗ trợ phẫu thuật đang mở ra một kỷ nguyên mới trong ngành y. Bệnh nhân hồi phục nhanh hơn và tỷ lệ biến chứng giảm đáng kể.

Trong những năm gần đây, ngành y tế đang chứng kiến sự thay đổi mạnh mẽ nhờ vào công nghệ hiện đại. Trí tuệ nhân tạo và học máy giúp các bác sĩ chẩn đoán bệnh nhanh hơn, chính xác hơn.

Chăm sóc sức khỏe cá nhân không chỉ dừng lại ở việc khám bệnh định kỳ, mà còn bao gồm chế độ ăn uống và luyện tập khoa học. Nhiều nghiên cứu cho thấy việc duy trì lối sống lành mạnh có thể giảm nguy cơ mắc bệnh mãn tính.

Trong những năm gần đây, ngành y tế đang chứng kiến sự thay đổi mạnh mẽ nhờ vào công nghệ hiện đại. Trí tuệ nhân tạo và học máy giúp các bác sĩ chẩn đoán bệnh nhanh hơn, chính xác hơn.",blog_009.jpg,https://health.vn/article/5013,DRAFT,593,39,11,"54,191,73",2025-03-02 00:00:00
Sức khỏe tim mạch qua nghiên cứu mới nhất,Giúp bạn hiểu rõ hơn về tầm quan trọng của việc duy trì lối sống lành mạnh. Tổng hợp lời khuyên từ các chuyên gia hàng đầu trong lĩnh vực y học.,"Chăm sóc sức khỏe cá nhân không chỉ dừng lại ở việc khám bệnh định kỳ, mà còn bao gồm chế độ ăn uống và luyện tập khoa học. Nhiều nghiên cứu cho thấy việc duy trì lối sống lành mạnh có thể giảm nguy cơ mắc bệnh mãn tính.

Trong những năm gần đây, ngành y tế đang chứng kiến sự thay đổi mạnh mẽ nhờ vào công nghệ hiện đại. Trí tuệ nhân tạo và học máy giúp các bác sĩ chẩn đoán bệnh nhanh hơn, chính xác hơn.

Y học hiện đại kết hợp với dữ liệu lớn (Big Data) đang giúp phát hiện sớm các bệnh nguy hiểm như ung thư, tim mạch, hay tiểu đường.

Y học hiện đại kết hợp với dữ liệu lớn (Big Data) đang giúp phát hiện sớm các bệnh nguy hiểm như ung thư, tim mạch, hay tiểu đường.",blog_045.jpg,https://health.vn/article/2574,DRAFT,2450,16,27,176,2025-08-06 00:00:00
Phòng ngừa bệnh theo xu hướng 2025,Tổng hợp lời khuyên từ các chuyên gia hàng đầu trong lĩnh vực y học. Bài viết cung cấp những kiến thức quan trọng về chăm sóc sức khỏe toàn diện.,"Công nghệ robot hỗ trợ phẫu thuật đang mở ra một kỷ nguyên mới trong ngành y. Bệnh nhân hồi phục nhanh hơn và tỷ lệ biến chứng giảm đáng kể.

Không chỉ về mặt kỹ thuật, yếu tố con người vẫn là trung tâm của y học. Tình cảm, sự đồng cảm của bác sĩ đóng vai trò lớn trong hiệu quả điều trị.

Công nghệ robot hỗ trợ phẫu thuật đang mở ra một kỷ nguyên mới trong ngành y. Bệnh nhân hồi phục nhanh hơn và tỷ lệ biến chứng giảm đáng kể.

Chăm sóc sức khỏe cá nhân không chỉ dừng lại ở việc khám bệnh định kỳ, mà còn bao gồm chế độ ăn uống và luyện tập khoa học. Nhiều nghiên cứu cho thấy việc duy trì lối sống lành mạnh có thể giảm nguy cơ mắc bệnh mãn tính.",blog_026.jpg,https://health.vn/article/1714,PUBLISHED,4179,28,20,"185,70",2024-05-09 00:00:00
Dinh dưỡng dưới góc nhìn bác sĩ,Khám phá cách ứng dụng công nghệ trong việc chẩn đoán và điều trị bệnh. Bài viết cung cấp những kiến thức quan trọng về chăm sóc sức khỏe toàn diện.,"Trong những năm gần đây, ngành y tế đang chứng kiến sự thay đổi mạnh mẽ nhờ vào công nghệ hiện đại. Trí tuệ nhân tạo và học máy giúp các bác sĩ chẩn đoán bệnh nhanh hơn, chính xác hơn.

Y học hiện đại kết hợp với dữ liệu lớn (Big Data) đang giúp phát hiện sớm các bệnh nguy hiểm như ung thư, tim mạch, hay tiểu đường.

Công nghệ robot hỗ trợ phẫu thuật đang mở ra một kỷ nguyên mới trong ngành y. Bệnh nhân hồi phục nhanh hơn và tỷ lệ biến chứng giảm đáng kể.

Công nghệ robot hỗ trợ phẫu thuật đang mở ra một kỷ nguyên mới trong ngành y. Bệnh nhân hồi phục nhanh hơn và tỷ lệ biến chứng giảm đáng kể.",blog_027.jpg,https://health.vn/article/9749,PUBLISHED,599,23,18,133,2025-05-03 00:00:00
Lối sống lành mạnh qua nghiên cứu mới nhất,Bài viết cung cấp những kiến thức quan trọng về chăm sóc sức khỏe toàn diện. Tổng hợp lời khuyên từ các chuyên gia hàng đầu trong lĩnh vực y học.,"Chăm sóc sức khỏe cá nhân không chỉ dừng lại ở việc khám bệnh định kỳ, mà còn bao gồm chế độ ăn uống và luyện tập khoa học. Nhiều nghiên cứu cho thấy việc duy trì lối sống lành mạnh có thể giảm nguy cơ mắc bệnh mãn tính.

Không chỉ về mặt kỹ thuật, yếu tố con người vẫn là trung tâm của y học. Tình cảm, sự đồng cảm của bác sĩ đóng vai trò lớn trong hiệu quả điều trị.

Y học hiện đại kết hợp với dữ liệu lớn (Big Data) đang giúp phát hiện sớm các bệnh nguy hiểm như ung thư, tim mạch, hay tiểu đường.

Công nghệ robot hỗ trợ phẫu thuật đang mở ra một kỷ nguyên mới trong ngành y. Bệnh nhân hồi phục nhanh hơn và tỷ lệ biến chứng giảm đáng kể.",blog_004.jpg,https://health.vn/article/8156,PUBLISHED,943,44,28,"79,197",2024-01-19 00:00:00
Y học hiện đại trong thời đại số,Tổng hợp lời khuyên từ các chuyên gia hàng đầu trong lĩnh vực y học. Giúp bạn hiểu rõ hơn về tầm quan trọng của việc duy trì lối sống lành mạnh.,"Công nghệ robot hỗ trợ phẫu thuật đang mở ra một kỷ nguyên mới trong ngành y. Bệnh nhân hồi phục nhanh hơn và tỷ lệ biến chứng giảm đáng kể.

Không chỉ về mặt kỹ thuật, yếu tố con người vẫn là trung tâm của y học. Tình cảm, sự đồng cảm của bác sĩ đóng vai trò lớn trong hiệu quả điều trị.

Công nghệ robot hỗ trợ phẫu thuật đang mở ra một kỷ nguyên mới trong ngành y. Bệnh nhân hồi phục nhanh hơn và tỷ lệ biến chứng giảm đáng kể.

Không chỉ về mặt kỹ thuật, yếu tố con người vẫn là trung tâm của y học. Tình cảm, sự đồng cảm của bác sĩ đóng vai trò lớn trong hiệu quả điều trị.",blog_038.jpg,https://health.vn/article/2620,PUBLISHED,2028,41,18,23,2025-05-09 00:00:00
Lối sống lành mạnh mà bạn nên biết,Tổng hợp lời khuyên từ các chuyên gia hàng đầu trong lĩnh vực y học. Giúp bạn hiểu rõ hơn về tầm quan trọng của việc duy trì lối sống lành mạnh.,"Chăm sóc sức khỏe cá nhân không chỉ dừng lại ở việc khám bệnh định kỳ, mà còn bao gồm chế độ ăn uống và luyện tập khoa học. Nhiều nghiên cứu cho thấy việc duy trì lối sống lành mạnh có thể giảm nguy cơ mắc bệnh mãn tính.

Y học hiện đại kết hợp với dữ liệu lớn (Big Data) đang giúp phát hiện sớm các bệnh nguy hiểm như ung thư, tim mạch, hay tiểu đường.

Công nghệ robot hỗ trợ phẫu thuật đang mở ra một kỷ nguyên mới trong ngành y. Bệnh nhân hồi phục nhanh hơn và tỷ lệ biến chứng giảm đáng kể.

Trong những năm gần đây, ngành y tế đang chứng kiến sự thay đổi mạnh mẽ nhờ vào công nghệ hiện đại. Trí tuệ nhân tạo và học máy giúp các bác sĩ chẩn đoán bệnh nhanh hơn, chính xác hơn.",blog_012.jpg,https://health.vn/article/3700,PUBLISHED,3914,16,19,"115,123,187",2024-08-21 00:00:00
Lối sống lành mạnh dưới góc nhìn bác sĩ,Bài viết chia sẻ kinh nghiệm thực tế từ các bác sĩ chuyên khoa. Khám phá cách ứng dụng công nghệ trong việc chẩn đoán và điều trị bệnh.,"Y học hiện đại kết hợp với dữ liệu lớn (Big Data) đang giúp phát hiện sớm các bệnh nguy hiểm như ung thư, tim mạch, hay tiểu đường.

Không chỉ về mặt kỹ thuật, yếu tố con người vẫn là trung tâm của y học. Tình cảm, sự đồng cảm của bác sĩ đóng vai trò lớn trong hiệu quả điều trị.

Chăm sóc sức khỏe cá nhân không chỉ dừng lại ở việc khám bệnh định kỳ, mà còn bao gồm chế độ ăn uống và luyện tập khoa học. Nhiều nghiên cứu cho thấy việc duy trì lối sống lành mạnh có thể giảm nguy cơ mắc bệnh mãn tính.

Công nghệ robot hỗ trợ phẫu thuật đang mở ra một kỷ nguyên mới trong ngành y. Bệnh nhân hồi phục nhanh hơn và tỷ lệ biến chứng giảm đáng kể.",blog_021.jpg,https://health.vn/article/6385,DRAFT,2256,21,14,194,2025-05-21 00:00:00
Sức khỏe tinh thần và cách cải thiện,Bài viết chia sẻ kinh nghiệm thực tế từ các bác sĩ chuyên khoa. Tổng hợp lời khuyên từ các chuyên gia hàng đầu trong lĩnh vực y học.,"Y học hiện đại kết hợp với dữ liệu lớn (Big Data) đang giúp phát hiện sớm các bệnh nguy hiểm như ung thư, tim mạch, hay tiểu đường.

Trong những năm gần đây, ngành y tế đang chứng kiến sự thay đổi mạnh mẽ nhờ vào công nghệ hiện đại. Trí tuệ nhân tạo và học máy giúp các bác sĩ chẩn đoán bệnh nhanh hơn, chính xác hơn.

Chăm sóc sức khỏe cá nhân không chỉ dừng lại ở việc khám bệnh định kỳ, mà còn bao gồm chế độ ăn uống và luyện tập khoa học. Nhiều nghiên cứu cho thấy việc duy trì lối sống lành mạnh có thể giảm nguy cơ mắc bệnh mãn tính.

Chăm sóc sức khỏe cá nhân không chỉ dừng lại ở việc khám bệnh định kỳ, mà còn bao gồm chế độ ăn uống và luyện tập khoa học. Nhiều nghiên cứu cho thấy việc duy trì lối sống lành mạnh có thể giảm nguy cơ mắc bệnh mãn tính.",blog_031.jpg,https://health.vn/article/1089,PUBLISHED,3713,4,18,"176,61,175",2024-05-13 00:00:00
Phòng ngừa bệnh trong thời đại số,Bài viết cung cấp những kiến thức quan trọng về chăm sóc sức khỏe toàn diện. Giúp bạn hiểu rõ hơn về tầm quan trọng của việc duy trì lối sống lành mạnh.,"Không chỉ về mặt kỹ thuật, yếu tố con người vẫn là trung tâm của y học. Tình cảm, sự đồng cảm của bác sĩ đóng vai trò lớn trong hiệu quả điều trị.

Không chỉ về mặt kỹ thuật, yếu tố con người vẫn là trung tâm của y học. Tình cảm, sự đồng cảm của bác sĩ đóng vai trò lớn trong hiệu quả điều trị.

Trong những năm gần đây, ngành y tế đang chứng kiến sự thay đổi mạnh mẽ nhờ vào công nghệ hiện đại. Trí tuệ nhân tạo và học máy giúp các bác sĩ chẩn đoán bệnh nhanh hơn, chính xác hơn.

Chăm sóc sức khỏe cá nhân không chỉ dừng lại ở việc khám bệnh định kỳ, mà còn bao gồm chế độ ăn uống và luyện tập khoa học. Nhiều nghiên cứu cho thấy việc duy trì lối sống lành mạnh có thể giảm nguy cơ mắc bệnh mãn tính.",blog_046.jpg,https://health.vn/article/3895,ARCHIVED,3300,22,27,"155,125,54",2025-06-11 00:00:00
Y học hiện đại trong thời đại số,Giúp bạn hiểu rõ hơn về tầm quan trọng của việc duy trì lối sống lành mạnh. Giúp bạn hiểu rõ hơn về tầm quan trọng của việc duy trì lối sống lành mạnh.,"Chăm sóc sức khỏe cá nhân không chỉ dừng lại ở việc khám bệnh định kỳ, mà còn bao gồm chế độ ăn uống và luyện tập khoa học. Nhiều nghiên cứu cho thấy việc duy trì lối sống lành mạnh có thể giảm nguy cơ mắc bệnh mãn tính.

Chăm sóc sức khỏe cá nhân không chỉ dừng lại ở việc khám bệnh định kỳ, mà còn bao gồm chế độ ăn uống và luyện tập khoa học. Nhiều nghiên cứu cho thấy việc duy trì lối sống lành mạnh có thể giảm nguy cơ mắc bệnh mãn tính.

Công nghệ robot hỗ trợ phẫu thuật đang mở ra một kỷ nguyên mới trong ngành y. Bệnh nhân hồi phục nhanh hơn và tỷ lệ biến chứng giảm đáng kể.

Không chỉ về mặt kỹ thuật, yếu tố con người vẫn là trung tâm của y học. Tình cảm, sự đồng cảm của bác sĩ đóng vai trò lớn trong hiệu quả điều trị.",blog_049.jpg,https://health.vn/article/2523,PUBLISHED,1826,22,21,87,2025-08-23 00:00:00
Y học hiện đại với công nghệ mới,Khám phá cách ứng dụng công nghệ trong việc chẩn đoán và điều trị bệnh. Tổng hợp lời khuyên từ các chuyên gia hàng đầu trong lĩnh vực y học.,"Trong những năm gần đây, ngành y tế đang chứng kiến sự thay đổi mạnh mẽ nhờ vào công nghệ hiện đại. Trí tuệ nhân tạo và học máy giúp các bác sĩ chẩn đoán bệnh nhanh hơn, chính xác hơn.

Công nghệ robot hỗ trợ phẫu thuật đang mở ra một kỷ nguyên mới trong ngành y. Bệnh nhân hồi phục nhanh hơn và tỷ lệ biến chứng giảm đáng kể.

Không chỉ về mặt kỹ thuật, yếu tố con người vẫn là trung tâm của y học. Tình cảm, sự đồng cảm của bác sĩ đóng vai trò lớn trong hiệu quả điều trị.

Không chỉ về mặt kỹ thuật, yếu tố con người vẫn là trung tâm của y học. Tình cảm, sự đồng cảm của bác sĩ đóng vai trò lớn trong hiệu quả điều trị.",blog_011.jpg,https://health.vn/article/1755,PUBLISHED,4408,27,11,44,2024-05-31 00:00:00
Phục hồi chức năng mà bạn nên biết,Giúp bạn hiểu rõ hơn về tầm quan trọng của việc duy trì lối sống lành mạnh. Giúp bạn hiểu rõ hơn về tầm quan trọng của việc duy trì lối sống lành mạnh.,"Chăm sóc sức khỏe cá nhân không chỉ dừng lại ở việc khám bệnh định kỳ, mà còn bao gồm chế độ ăn uống và luyện tập khoa học. Nhiều nghiên cứu cho thấy việc duy trì lối sống lành mạnh có thể giảm nguy cơ mắc bệnh mãn tính.

Chăm sóc sức khỏe cá nhân không chỉ dừng lại ở việc khám bệnh định kỳ, mà còn bao gồm chế độ ăn uống và luyện tập khoa học. Nhiều nghiên cứu cho thấy việc duy trì lối sống lành mạnh có thể giảm nguy cơ mắc bệnh mãn tính.

Không chỉ về mặt kỹ thuật, yếu tố con người vẫn là trung tâm của y học. Tình cảm, sự đồng cảm của bác sĩ đóng vai trò lớn trong hiệu quả điều trị.

Y học hiện đại kết hợp với dữ liệu lớn (Big Data) đang giúp phát hiện sớm các bệnh nguy hiểm như ung thư, tim mạch, hay tiểu đường.",blog_030.jpg,https://health.vn/article/8632,DRAFT,3231,14,23,46,2025-03-14 00:00:00
Công nghệ y tế trong thời đại số,Khám phá cách ứng dụng công nghệ trong việc chẩn đoán và điều trị bệnh. Khám phá cách ứng dụng công nghệ trong việc chẩn đoán và điều trị bệnh.,"Không chỉ về mặt kỹ thuật, yếu tố con người vẫn là trung tâm của y học. Tình cảm, sự đồng cảm của bác sĩ đóng vai trò lớn trong hiệu quả điều trị.

Chăm sóc sức khỏe cá nhân không chỉ dừng lại ở việc khám bệnh định kỳ, mà còn bao gồm chế độ ăn uống và luyện tập khoa học. Nhiều nghiên cứu cho thấy việc duy trì lối sống lành mạnh có thể giảm nguy cơ mắc bệnh mãn tính.

Y học hiện đại kết hợp với dữ liệu lớn (Big Data) đang giúp phát hiện sớm các bệnh nguy hiểm như ung thư, tim mạch, hay tiểu đường.

Công nghệ robot hỗ trợ phẫu thuật đang mở ra một kỷ nguyên mới trong ngành y. Bệnh nhân hồi phục nhanh hơn và tỷ lệ biến chứng giảm đáng kể.",blog_005.jpg,https://health.vn/article/8423,PUBLISHED,4055,16,16,13,2024-03-25 00:00:00
Sức khỏe tinh thần mà bạn nên biết,Bài viết chia sẻ kinh nghiệm thực tế từ các bác sĩ chuyên khoa. Bài viết cung cấp những kiến thức quan trọng về chăm sóc sức khỏe toàn diện.,"Chăm sóc sức khỏe cá nhân không chỉ dừng lại ở việc khám bệnh định kỳ, mà còn bao gồm chế độ ăn uống và luyện tập khoa học. Nhiều nghiên cứu cho thấy việc duy trì lối sống lành mạnh có thể giảm nguy cơ mắc bệnh mãn tính.

Không chỉ về mặt kỹ thuật, yếu tố con người vẫn là trung tâm của y học. Tình cảm, sự đồng cảm của bác sĩ đóng vai trò lớn trong hiệu quả điều trị.

Trong những năm gần đây, ngành y tế đang chứng kiến sự thay đổi mạnh mẽ nhờ vào công nghệ hiện đại. Trí tuệ nhân tạo và học máy giúp các bác sĩ chẩn đoán bệnh nhanh hơn, chính xác hơn.

Trong những năm gần đây, ngành y tế đang chứng kiến sự thay đổi mạnh mẽ nhờ vào công nghệ hiện đại. Trí tuệ nhân tạo và học máy giúp các bác sĩ chẩn đoán bệnh nhanh hơn, chính xác hơn.",blog_015.jpg,https://health.vn/article/4372,ARCHIVED,3508,39,15,"122,58,71",2024-02-29 00:00:00
Dinh dưỡng dưới góc nhìn bác sĩ,Giúp bạn hiểu rõ hơn về tầm quan trọng của việc duy trì lối sống lành mạnh. Bài viết cung cấp những kiến thức quan trọng về chăm sóc sức khỏe toàn diện.,"Công nghệ robot hỗ trợ phẫu thuật đang mở ra một kỷ nguyên mới trong ngành y. Bệnh nhân hồi phục nhanh hơn và tỷ lệ biến chứng giảm đáng kể.

Không chỉ về mặt kỹ thuật, yếu tố con người vẫn là trung tâm của y học. Tình cảm, sự đồng cảm của bác sĩ đóng vai trò lớn trong hiệu quả điều trị.

Công nghệ robot hỗ trợ phẫu thuật đang mở ra một kỷ nguyên mới trong ngành y. Bệnh nhân hồi phục nhanh hơn và tỷ lệ biến chứng giảm đáng kể.

Y học hiện đại kết hợp với dữ liệu lớn (Big Data) đang giúp phát hiện sớm các bệnh nguy hiểm như ung thư, tim mạch, hay tiểu đường.",blog_017.jpg,https://health.vn/article/8047,DRAFT,1765,14,28,"120,102",2025-02-27 00:00:00
Y học hiện đại trong thời đại số,Bài viết chia sẻ kinh nghiệm thực tế từ các bác sĩ chuyên khoa. Bài viết chia sẻ kinh nghiệm thực tế từ các bác sĩ chuyên khoa.,"Công nghệ robot hỗ trợ phẫu thuật đang mở ra một kỷ nguyên mới trong ngành y. Bệnh nhân hồi phục nhanh hơn và tỷ lệ biến chứng giảm đáng kể.

Công nghệ robot hỗ trợ phẫu thuật đang mở ra một kỷ nguyên mới trong ngành y. Bệnh nhân hồi phục nhanh hơn và tỷ lệ biến chứng giảm đáng kể.

Không chỉ về mặt kỹ thuật, yếu tố con người vẫn là trung tâm của y học. Tình cảm, sự đồng cảm của bác sĩ đóng vai trò lớn trong hiệu quả điều trị.

Y học hiện đại kết hợp với dữ liệu lớn (Big Data) đang giúp phát hiện sớm các bệnh nguy hiểm như ung thư, tim mạch, hay tiểu đường.",blog_005.jpg,https://health.vn/article/2801,ARCHIVED,684,8,21,178,2025-09-30 00:00:00
Sức khỏe tinh thần dành cho người cao tuổi,Khám phá cách ứng dụng công nghệ trong việc chẩn đoán và điều trị bệnh. Bài viết cung cấp những kiến thức quan trọng về chăm sóc sức khỏe toàn diện.,"Trong những năm gần đây, ngành y tế đang chứng kiến sự thay đổi mạnh mẽ nhờ vào công nghệ hiện đại. Trí tuệ nhân tạo và học máy giúp các bác sĩ chẩn đoán bệnh nhanh hơn, chính xác hơn.

Không chỉ về mặt kỹ thuật, yếu tố con người vẫn là trung tâm của y học. Tình cảm, sự đồng cảm của bác sĩ đóng vai trò lớn trong hiệu quả điều trị.

Công nghệ robot hỗ trợ phẫu thuật đang mở ra một kỷ nguyên mới trong ngành y. Bệnh nhân hồi phục nhanh hơn và tỷ lệ biến chứng giảm đáng kể.

Y học hiện đại kết hợp với dữ liệu lớn (Big Data) đang giúp phát hiện sớm các bệnh nguy hiểm như ung thư, tim mạch, hay tiểu đường.",blog_034.jpg,https://health.vn/article/6409,DRAFT,455,22,14,"3,167",2025-05-25 00:00:00
Sức khỏe tinh thần từ thực tiễn lâm sàng,Giúp bạn hiểu rõ hơn về tầm quan trọng của việc duy trì lối sống lành mạnh. Bài viết cung cấp những kiến thức quan trọng về chăm sóc sức khỏe toàn diện.,"Trong những năm gần đây, ngành y tế đang chứng kiến sự thay đổi mạnh mẽ nhờ vào công nghệ hiện đại. Trí tuệ nhân tạo và học máy giúp các bác sĩ chẩn đoán bệnh nhanh hơn, chính xác hơn.

Chăm sóc sức khỏe cá nhân không chỉ dừng lại ở việc khám bệnh định kỳ, mà còn bao gồm chế độ ăn uống và luyện tập khoa học. Nhiều nghiên cứu cho thấy việc duy trì lối sống lành mạnh có thể giảm nguy cơ mắc bệnh mãn tính.

Y học hiện đại kết hợp với dữ liệu lớn (Big Data) đang giúp phát hiện sớm các bệnh nguy hiểm như ung thư, tim mạch, hay tiểu đường.

Y học hiện đại kết hợp với dữ liệu lớn (Big Data) đang giúp phát hiện sớm các bệnh nguy hiểm như ung thư, tim mạch, hay tiểu đường.",blog_020.jpg,https://health.vn/article/9613,DRAFT,2759,21,31,"177,118",2024-03-11 00:00:00
Lối sống lành mạnh qua nghiên cứu mới nhất,Tổng hợp lời khuyên từ các chuyên gia hàng đầu trong lĩnh vực y học. Bài viết chia sẻ kinh nghiệm thực tế từ các bác sĩ chuyên khoa.,"Chăm sóc sức khỏe cá nhân không chỉ dừng lại ở việc khám bệnh định kỳ, mà còn bao gồm chế độ ăn uống và luyện tập khoa học. Nhiều nghiên cứu cho thấy việc duy trì lối sống lành mạnh có thể giảm nguy cơ mắc bệnh mãn tính.

Trong những năm gần đây, ngành y tế đang chứng kiến sự thay đổi mạnh mẽ nhờ vào công nghệ hiện đại. Trí tuệ nhân tạo và học máy giúp các bác sĩ chẩn đoán bệnh nhanh hơn, chính xác hơn.

Y học hiện đại kết hợp với dữ liệu lớn (Big Data) đang giúp phát hiện sớm các bệnh nguy hiểm như ung thư, tim mạch, hay tiểu đường.

Chăm sóc sức khỏe cá nhân không chỉ dừng lại ở việc khám bệnh định kỳ, mà còn bao gồm chế độ ăn uống và luyện tập khoa học. Nhiều nghiên cứu cho thấy việc duy trì lối sống lành mạnh có thể giảm nguy cơ mắc bệnh mãn tính.",blog_018.jpg,https://health.vn/article/8092,ARCHIVED,1431,2,31,"148,2,95",2025-03-18 00:00:00
Sức khỏe tinh thần từ thực tiễn lâm sàng,Bài viết chia sẻ kinh nghiệm thực tế từ các bác sĩ chuyên khoa. Bài viết chia sẻ kinh nghiệm thực tế từ các bác sĩ chuyên khoa.,"Chăm sóc sức khỏe cá nhân không chỉ dừng lại ở việc khám bệnh định kỳ, mà còn bao gồm chế độ ăn uống và luyện tập khoa học. Nhiều nghiên cứu cho thấy việc duy trì lối sống lành mạnh có thể giảm nguy cơ mắc bệnh mãn tính.

Công nghệ robot hỗ trợ phẫu thuật đang mở ra một kỷ nguyên mới trong ngành y. Bệnh nhân hồi phục nhanh hơn và tỷ lệ biến chứng giảm đáng kể.

Chăm sóc sức khỏe cá nhân không chỉ dừng lại ở việc khám bệnh định kỳ, mà còn bao gồm chế độ ăn uống và luyện tập khoa học. Nhiều nghiên cứu cho thấy việc duy trì lối sống lành mạnh có thể giảm nguy cơ mắc bệnh mãn tính.

Công nghệ robot hỗ trợ phẫu thuật đang mở ra một kỷ nguyên mới trong ngành y. Bệnh nhân hồi phục nhanh hơn và tỷ lệ biến chứng giảm đáng kể.",blog_046.jpg,https://health.vn/article/8451,ARCHIVED,2498,28,25,"65,63,3",2024-01-08 00:00:00
Dinh dưỡng qua nghiên cứu mới nhất,Khám phá cách ứng dụng công nghệ trong việc chẩn đoán và điều trị bệnh. Khám phá cách ứng dụng công nghệ trong việc chẩn đoán và điều trị bệnh.,"Không chỉ về mặt kỹ thuật, yếu tố con người vẫn là trung tâm của y học. Tình cảm, sự đồng cảm của bác sĩ đóng vai trò lớn trong hiệu quả điều trị.

Trong những năm gần đây, ngành y tế đang chứng kiến sự thay đổi mạnh mẽ nhờ vào công nghệ hiện đại. Trí tuệ nhân tạo và học máy giúp các bác sĩ chẩn đoán bệnh nhanh hơn, chính xác hơn.

Trong những năm gần đây, ngành y tế đang chứng kiến sự thay đổi mạnh mẽ nhờ vào công nghệ hiện đại. Trí tuệ nhân tạo và học máy giúp các bác sĩ chẩn đoán bệnh nhanh hơn, chính xác hơn.

Trong những năm gần đây, ngành y tế đang chứng kiến sự thay đổi mạnh mẽ nhờ vào công nghệ hiện đại. Trí tuệ nhân tạo và học máy giúp các bác sĩ chẩn đoán bệnh nhanh hơn, chính xác hơn.",blog_026.jpg,https://health.vn/article/3732,ARCHIVED,4769,26,20,170,2024-07-22 00:00:00
Chăm sóc da từ thực tiễn lâm sàng,Bài viết cung cấp những kiến thức quan trọng về chăm sóc sức khỏe toàn diện. Bài viết chia sẻ kinh nghiệm thực tế từ các bác sĩ chuyên khoa.,"Y học hiện đại kết hợp với dữ liệu lớn (Big Data) đang giúp phát hiện sớm các bệnh nguy hiểm như ung thư, tim mạch, hay tiểu đường.

Trong những năm gần đây, ngành y tế đang chứng kiến sự thay đổi mạnh mẽ nhờ vào công nghệ hiện đại. Trí tuệ nhân tạo và học máy giúp các bác sĩ chẩn đoán bệnh nhanh hơn, chính xác hơn.

Chăm sóc sức khỏe cá nhân không chỉ dừng lại ở việc khám bệnh định kỳ, mà còn bao gồm chế độ ăn uống và luyện tập khoa học. Nhiều nghiên cứu cho thấy việc duy trì lối sống lành mạnh có thể giảm nguy cơ mắc bệnh mãn tính.

Không chỉ về mặt kỹ thuật, yếu tố con người vẫn là trung tâm của y học. Tình cảm, sự đồng cảm của bác sĩ đóng vai trò lớn trong hiệu quả điều trị.",blog_048.jpg,https://health.vn/article/4517,DRAFT,812,20,15,"125,88,172",2025-08-16 00:00:00
AI trong y học theo xu hướng 2025,Bài viết chia sẻ kinh nghiệm thực tế từ các bác sĩ chuyên khoa. Khám phá cách ứng dụng công nghệ trong việc chẩn đoán và điều trị bệnh.,"Y học hiện đại kết hợp với dữ liệu lớn (Big Data) đang giúp phát hiện sớm các bệnh nguy hiểm như ung thư, tim mạch, hay tiểu đường.

Y học hiện đại kết hợp với dữ liệu lớn (Big Data) đang giúp phát hiện sớm các bệnh nguy hiểm như ung thư, tim mạch, hay tiểu đường.

Y học hiện đại kết hợp với dữ liệu lớn (Big Data) đang giúp phát hiện sớm các bệnh nguy hiểm như ung thư, tim mạch, hay tiểu đường.

Chăm sóc sức khỏe cá nhân không chỉ dừng lại ở việc khám bệnh định kỳ, mà còn bao gồm chế độ ăn uống và luyện tập khoa học. Nhiều nghiên cứu cho thấy việc duy trì lối sống lành mạnh có thể giảm nguy cơ mắc bệnh mãn tính.",blog_002.jpg,https://health.vn/article/7655,PUBLISHED,4297,2,14,20,2024-10-03 00:00:00
Chăm sóc da qua nghiên cứu mới nhất,Khám phá cách ứng dụng công nghệ trong việc chẩn đoán và điều trị bệnh. Bài viết chia sẻ kinh nghiệm thực tế từ các bác sĩ chuyên khoa.,"Y học hiện đại kết hợp với dữ liệu lớn (Big Data) đang giúp phát hiện sớm các bệnh nguy hiểm như ung thư, tim mạch, hay tiểu đường.

Trong những năm gần đây, ngành y tế đang chứng kiến sự thay đổi mạnh mẽ nhờ vào công nghệ hiện đại. Trí tuệ nhân tạo và học máy giúp các bác sĩ chẩn đoán bệnh nhanh hơn, chính xác hơn.

Y học hiện đại kết hợp với dữ liệu lớn (Big Data) đang giúp phát hiện sớm các bệnh nguy hiểm như ung thư, tim mạch, hay tiểu đường.

Chăm sóc sức khỏe cá nhân không chỉ dừng lại ở việc khám bệnh định kỳ, mà còn bao gồm chế độ ăn uống và luyện tập khoa học. Nhiều nghiên cứu cho thấy việc duy trì lối sống lành mạnh có thể giảm nguy cơ mắc bệnh mãn tính.",blog_023.jpg,https://health.vn/article/2004,PUBLISHED,2842,20,12,"37,22",2024-02-05 00:00:00
Y học hiện đại qua nghiên cứu mới nhất,Bài viết chia sẻ kinh nghiệm thực tế từ các bác sĩ chuyên khoa. Giúp bạn hiểu rõ hơn về tầm quan trọng của việc duy trì lối sống lành mạnh.,"Trong những năm gần đây, ngành y tế đang chứng kiến sự thay đổi mạnh mẽ nhờ vào công nghệ hiện đại. Trí tuệ nhân tạo và học máy giúp các bác sĩ chẩn đoán bệnh nhanh hơn, chính xác hơn.

Chăm sóc sức khỏe cá nhân không chỉ dừng lại ở việc khám bệnh định kỳ, mà còn bao gồm chế độ ăn uống và luyện tập khoa học. Nhiều nghiên cứu cho thấy việc duy trì lối sống lành mạnh có thể giảm nguy cơ mắc bệnh mãn tính.

Không chỉ về mặt kỹ thuật, yếu tố con người vẫn là trung tâm của y học. Tình cảm, sự đồng cảm của bác sĩ đóng vai trò lớn trong hiệu quả điều trị.

Y học hiện đại kết hợp với dữ liệu lớn (Big Data) đang giúp phát hiện sớm các bệnh nguy hiểm như ung thư, tim mạch, hay tiểu đường.",blog_032.jpg,https://health.vn/article/7035,PUBLISHED,95,23,27,"66,117",2025-03-05 00:00:00
AI trong y học qua nghiên cứu mới nhất,Giúp bạn hiểu rõ hơn về tầm quan trọng của việc duy trì lối sống lành mạnh. Giúp bạn hiểu rõ hơn về tầm quan trọng của việc duy trì lối sống lành mạnh.,"Chăm sóc sức khỏe cá nhân không chỉ dừng lại ở việc khám bệnh định kỳ, mà còn bao gồm chế độ ăn uống và luyện tập khoa học. Nhiều nghiên cứu cho thấy việc duy trì lối sống lành mạnh có thể giảm nguy cơ mắc bệnh mãn tính.

Không chỉ về mặt kỹ thuật, yếu tố con người vẫn là trung tâm của y học. Tình cảm, sự đồng cảm của bác sĩ đóng vai trò lớn trong hiệu quả điều trị.

Chăm sóc sức khỏe cá nhân không chỉ dừng lại ở việc khám bệnh định kỳ, mà còn bao gồm chế độ ăn uống và luyện tập khoa học. Nhiều nghiên cứu cho thấy việc duy trì lối sống lành mạnh có thể giảm nguy cơ mắc bệnh mãn tính.

Không chỉ về mặt kỹ thuật, yếu tố con người vẫn là trung tâm của y học. Tình cảm, sự đồng cảm của bác sĩ đóng vai trò lớn trong hiệu quả điều trị.",blog_019.jpg,https://health.vn/article/5117,PUBLISHED,4753,17,18,"164,145",2025-04-30 00:00:00
Công nghệ y tế mà bạn nên biết,Khám phá cách ứng dụng công nghệ trong việc chẩn đoán và điều trị bệnh. Giúp bạn hiểu rõ hơn về tầm quan trọng của việc duy trì lối sống lành mạnh.,"Chăm sóc sức khỏe cá nhân không chỉ dừng lại ở việc khám bệnh định kỳ, mà còn bao gồm chế độ ăn uống và luyện tập khoa học. Nhiều nghiên cứu cho thấy việc duy trì lối sống lành mạnh có thể giảm nguy cơ mắc bệnh mãn tính.

Chăm sóc sức khỏe cá nhân không chỉ dừng lại ở việc khám bệnh định kỳ, mà còn bao gồm chế độ ăn uống và luyện tập khoa học. Nhiều nghiên cứu cho thấy việc duy trì lối sống lành mạnh có thể giảm nguy cơ mắc bệnh mãn tính.

Không chỉ về mặt kỹ thuật, yếu tố con người vẫn là trung tâm của y học. Tình cảm, sự đồng cảm của bác sĩ đóng vai trò lớn trong hiệu quả điều trị.

Trong những năm gần đây, ngành y tế đang chứng kiến sự thay đổi mạnh mẽ nhờ vào công nghệ hiện đại. Trí tuệ nhân tạo và học máy giúp các bác sĩ chẩn đoán bệnh nhanh hơn, chính xác hơn.",blog_041.jpg,https://health.vn/article/7161,DRAFT,1434,48,31,"130,169",2024-12-02 00:00:00
Sức khỏe tim mạch dưới góc nhìn bác sĩ,Tổng hợp lời khuyên từ các chuyên gia hàng đầu trong lĩnh vực y học. Tổng hợp lời khuyên từ các chuyên gia hàng đầu trong lĩnh vực y học.,"Y học hiện đại kết hợp với dữ liệu lớn (Big Data) đang giúp phát hiện sớm các bệnh nguy hiểm như ung thư, tim mạch, hay tiểu đường.

Công nghệ robot hỗ trợ phẫu thuật đang mở ra một kỷ nguyên mới trong ngành y. Bệnh nhân hồi phục nhanh hơn và tỷ lệ biến chứng giảm đáng kể.

Trong những năm gần đây, ngành y tế đang chứng kiến sự thay đổi mạnh mẽ nhờ vào công nghệ hiện đại. Trí tuệ nhân tạo và học máy giúp các bác sĩ chẩn đoán bệnh nhanh hơn, chính xác hơn.

Y học hiện đại kết hợp với dữ liệu lớn (Big Data) đang giúp phát hiện sớm các bệnh nguy hiểm như ung thư, tim mạch, hay tiểu đường.",blog_043.jpg,https://health.vn/article/9842,PUBLISHED,4484,20,13,"194,195,71",2025-07-24 00:00:00
Công nghệ y tế dưới góc nhìn bác sĩ,Tổng hợp lời khuyên từ các chuyên gia hàng đầu trong lĩnh vực y học. Tổng hợp lời khuyên từ các chuyên gia hàng đầu trong lĩnh vực y học.,"Chăm sóc sức khỏe cá nhân không chỉ dừng lại ở việc khám bệnh định kỳ, mà còn bao gồm chế độ ăn uống và luyện tập khoa học. Nhiều nghiên cứu cho thấy việc duy trì lối sống lành mạnh có thể giảm nguy cơ mắc bệnh mãn tính.

Y học hiện đại kết hợp với dữ liệu lớn (Big Data) đang giúp phát hiện sớm các bệnh nguy hiểm như ung thư, tim mạch, hay tiểu đường.

Không chỉ về mặt kỹ thuật, yếu tố con người vẫn là trung tâm của y học. Tình cảm, sự đồng cảm của bác sĩ đóng vai trò lớn trong hiệu quả điều trị.

Công nghệ robot hỗ trợ phẫu thuật đang mở ra một kỷ nguyên mới trong ngành y. Bệnh nhân hồi phục nhanh hơn và tỷ lệ biến chứng giảm đáng kể.",blog_023.jpg,https://health.vn/article/8758,DRAFT,3699,25,31,"148,1",2024-11-09 00:00:00
Y học hiện đại và cách cải thiện,Bài viết cung cấp những kiến thức quan trọng về chăm sóc sức khỏe toàn diện. Giúp bạn hiểu rõ hơn về tầm quan trọng của việc duy trì lối sống lành mạnh.,"Công nghệ robot hỗ trợ phẫu thuật đang mở ra một kỷ nguyên mới trong ngành y. Bệnh nhân hồi phục nhanh hơn và tỷ lệ biến chứng giảm đáng kể.

Y học hiện đại kết hợp với dữ liệu lớn (Big Data) đang giúp phát hiện sớm các bệnh nguy hiểm như ung thư, tim mạch, hay tiểu đường.

Không chỉ về mặt kỹ thuật, yếu tố con người vẫn là trung tâm của y học. Tình cảm, sự đồng cảm của bác sĩ đóng vai trò lớn trong hiệu quả điều trị.

Công nghệ robot hỗ trợ phẫu thuật đang mở ra một kỷ nguyên mới trong ngành y. Bệnh nhân hồi phục nhanh hơn và tỷ lệ biến chứng giảm đáng kể.",blog_020.jpg,https://health.vn/article/6756,ARCHIVED,1345,34,27,"82,52",2025-03-03 00:00:00
Chăm sóc da qua nghiên cứu mới nhất,Tổng hợp lời khuyên từ các chuyên gia hàng đầu trong lĩnh vực y học. Tổng hợp lời khuyên từ các chuyên gia hàng đầu trong lĩnh vực y học.,"Không chỉ về mặt kỹ thuật, yếu tố con người vẫn là trung tâm của y học. Tình cảm, sự đồng cảm của bác sĩ đóng vai trò lớn trong hiệu quả điều trị.

Chăm sóc sức khỏe cá nhân không chỉ dừng lại ở việc khám bệnh định kỳ, mà còn bao gồm chế độ ăn uống và luyện tập khoa học. Nhiều nghiên cứu cho thấy việc duy trì lối sống lành mạnh có thể giảm nguy cơ mắc bệnh mãn tính.

Trong những năm gần đây, ngành y tế đang chứng kiến sự thay đổi mạnh mẽ nhờ vào công nghệ hiện đại. Trí tuệ nhân tạo và học máy giúp các bác sĩ chẩn đoán bệnh nhanh hơn, chính xác hơn.

Y học hiện đại kết hợp với dữ liệu lớn (Big Data) đang giúp phát hiện sớm các bệnh nguy hiểm như ung thư, tim mạch, hay tiểu đường.",blog_004.jpg,https://health.vn/article/8898,DRAFT,220,35,12,39,2024-03-04 00:00:00
Sức khỏe tim mạch dưới góc nhìn bác sĩ,Khám phá cách ứng dụng công nghệ trong việc chẩn đoán và điều trị bệnh. Tổng hợp lời khuyên từ các chuyên gia hàng đầu trong lĩnh vực y học.,"Chăm sóc sức khỏe cá nhân không chỉ dừng lại ở việc khám bệnh định kỳ, mà còn bao gồm chế độ ăn uống và luyện tập khoa học. Nhiều nghiên cứu cho thấy việc duy trì lối sống lành mạnh có thể giảm nguy cơ mắc bệnh mãn tính.

Không chỉ về mặt kỹ thuật, yếu tố con người vẫn là trung tâm của y học. Tình cảm, sự đồng cảm của bác sĩ đóng vai trò lớn trong hiệu quả điều trị.

Không chỉ về mặt kỹ thuật, yếu tố con người vẫn là trung tâm của y học. Tình cảm, sự đồng cảm của bác sĩ đóng vai trò lớn trong hiệu quả điều trị.

Không chỉ về mặt kỹ thuật, yếu tố con người vẫn là trung tâm của y học. Tình cảm, sự đồng cảm của bác sĩ đóng vai trò lớn trong hiệu quả điều trị.",blog_019.jpg,https://health.vn/article/5115,PUBLISHED,3627,6,22,"167,45",2024-04-18 00:00:00
Chăm sóc da theo xu hướng 2025,Giúp bạn hiểu rõ hơn về tầm quan trọng của việc duy trì lối sống lành mạnh. Khám phá cách ứng dụng công nghệ trong việc chẩn đoán và điều trị bệnh.,"Không chỉ về mặt kỹ thuật, yếu tố con người vẫn là trung tâm của y học. Tình cảm, sự đồng cảm của bác sĩ đóng vai trò lớn trong hiệu quả điều trị.

Y học hiện đại kết hợp với dữ liệu lớn (Big Data) đang giúp phát hiện sớm các bệnh nguy hiểm như ung thư, tim mạch, hay tiểu đường.

Chăm sóc sức khỏe cá nhân không chỉ dừng lại ở việc khám bệnh định kỳ, mà còn bao gồm chế độ ăn uống và luyện tập khoa học. Nhiều nghiên cứu cho thấy việc duy trì lối sống lành mạnh có thể giảm nguy cơ mắc bệnh mãn tính.

Trong những năm gần đây, ngành y tế đang chứng kiến sự thay đổi mạnh mẽ nhờ vào công nghệ hiện đại. Trí tuệ nhân tạo và học máy giúp các bác sĩ chẩn đoán bệnh nhanh hơn, chính xác hơn.",blog_017.jpg,https://health.vn/article/2526,DRAFT,3853,44,22,10,2025-09-14 00:00:00
Chăm sóc da với công nghệ mới,Tổng hợp lời khuyên từ các chuyên gia hàng đầu trong lĩnh vực y học. Khám phá cách ứng dụng công nghệ trong việc chẩn đoán và điều trị bệnh.,"Y học hiện đại kết hợp với dữ liệu lớn (Big Data) đang giúp phát hiện sớm các bệnh nguy hiểm như ung thư, tim mạch, hay tiểu đường.

Y học hiện đại kết hợp với dữ liệu lớn (Big Data) đang giúp phát hiện sớm các bệnh nguy hiểm như ung thư, tim mạch, hay tiểu đường.

Trong những năm gần đây, ngành y tế đang chứng kiến sự thay đổi mạnh mẽ nhờ vào công nghệ hiện đại. Trí tuệ nhân tạo và học máy giúp các bác sĩ chẩn đoán bệnh nhanh hơn, chính xác hơn.

Không chỉ về mặt kỹ thuật, yếu tố con người vẫn là trung tâm của y học. Tình cảm, sự đồng cảm của bác sĩ đóng vai trò lớn trong hiệu quả điều trị.",blog_003.jpg,https://health.vn/article/4347,PUBLISHED,4397,29,23,"21,52,121",2024-01-02 00:00:00
Sức khỏe tinh thần theo xu hướng 2025,Khám phá cách ứng dụng công nghệ trong việc chẩn đoán và điều trị bệnh. Giúp bạn hiểu rõ hơn về tầm quan trọng của việc duy trì lối sống lành mạnh.,"Y học hiện đại kết hợp với dữ liệu lớn (Big Data) đang giúp phát hiện sớm các bệnh nguy hiểm như ung thư, tim mạch, hay tiểu đường.

Chăm sóc sức khỏe cá nhân không chỉ dừng lại ở việc khám bệnh định kỳ, mà còn bao gồm chế độ ăn uống và luyện tập khoa học. Nhiều nghiên cứu cho thấy việc duy trì lối sống lành mạnh có thể giảm nguy cơ mắc bệnh mãn tính.

Y học hiện đại kết hợp với dữ liệu lớn (Big Data) đang giúp phát hiện sớm các bệnh nguy hiểm như ung thư, tim mạch, hay tiểu đường.

Y học hiện đại kết hợp với dữ liệu lớn (Big Data) đang giúp phát hiện sớm các bệnh nguy hiểm như ung thư, tim mạch, hay tiểu đường.",blog_007.jpg,https://health.vn/article/2006,PUBLISHED,3033,29,26,"135,141,77",2024-02-11 00:00:00
Lối sống lành mạnh mà bạn nên biết,Khám phá cách ứng dụng công nghệ trong việc chẩn đoán và điều trị bệnh. Giúp bạn hiểu rõ hơn về tầm quan trọng của việc duy trì lối sống lành mạnh.,"Không chỉ về mặt kỹ thuật, yếu tố con người vẫn là trung tâm của y học. Tình cảm, sự đồng cảm của bác sĩ đóng vai trò lớn trong hiệu quả điều trị.

Chăm sóc sức khỏe cá nhân không chỉ dừng lại ở việc khám bệnh định kỳ, mà còn bao gồm chế độ ăn uống và luyện tập khoa học. Nhiều nghiên cứu cho thấy việc duy trì lối sống lành mạnh có thể giảm nguy cơ mắc bệnh mãn tính.

Công nghệ robot hỗ trợ phẫu thuật đang mở ra một kỷ nguyên mới trong ngành y. Bệnh nhân hồi phục nhanh hơn và tỷ lệ biến chứng giảm đáng kể.

Chăm sóc sức khỏe cá nhân không chỉ dừng lại ở việc khám bệnh định kỳ, mà còn bao gồm chế độ ăn uống và luyện tập khoa học. Nhiều nghiên cứu cho thấy việc duy trì lối sống lành mạnh có thể giảm nguy cơ mắc bệnh mãn tính.",blog_001.jpg,https://health.vn/article/7078,PUBLISHED,4238,30,25,"94,110,202",2024-06-15 00:00:00
Y học hiện đại theo xu hướng 2025,Tổng hợp lời khuyên từ các chuyên gia hàng đầu trong lĩnh vực y học. Bài viết cung cấp những kiến thức quan trọng về chăm sóc sức khỏe toàn diện.,"Chăm sóc sức khỏe cá nhân không chỉ dừng lại ở việc khám bệnh định kỳ, mà còn bao gồm chế độ ăn uống và luyện tập khoa học. Nhiều nghiên cứu cho thấy việc duy trì lối sống lành mạnh có thể giảm nguy cơ mắc bệnh mãn tính.

Chăm sóc sức khỏe cá nhân không chỉ dừng lại ở việc khám bệnh định kỳ, mà còn bao gồm chế độ ăn uống và luyện tập khoa học. Nhiều nghiên cứu cho thấy việc duy trì lối sống lành mạnh có thể giảm nguy cơ mắc bệnh mãn tính.

Trong những năm gần đây, ngành y tế đang chứng kiến sự thay đổi mạnh mẽ nhờ vào công nghệ hiện đại. Trí tuệ nhân tạo và học máy giúp các bác sĩ chẩn đoán bệnh nhanh hơn, chính xác hơn.

Công nghệ robot hỗ trợ phẫu thuật đang mở ra một kỷ nguyên mới trong ngành y. Bệnh nhân hồi phục nhanh hơn và tỷ lệ biến chứng giảm đáng kể.",blog_018.jpg,https://health.vn/article/2690,PUBLISHED,3910,37,29,"78,107",2025-06-25 00:00:00
Công nghệ y tế dành cho người cao tuổi,Bài viết cung cấp những kiến thức quan trọng về chăm sóc sức khỏe toàn diện. Tổng hợp lời khuyên từ các chuyên gia hàng đầu trong lĩnh vực y học.,"Y học hiện đại kết hợp với dữ liệu lớn (Big Data) đang giúp phát hiện sớm các bệnh nguy hiểm như ung thư, tim mạch, hay tiểu đường.

Y học hiện đại kết hợp với dữ liệu lớn (Big Data) đang giúp phát hiện sớm các bệnh nguy hiểm như ung thư, tim mạch, hay tiểu đường.

Trong những năm gần đây, ngành y tế đang chứng kiến sự thay đổi mạnh mẽ nhờ vào công nghệ hiện đại. Trí tuệ nhân tạo và học máy giúp các bác sĩ chẩn đoán bệnh nhanh hơn, chính xác hơn.

Công nghệ robot hỗ trợ phẫu thuật đang mở ra một kỷ nguyên mới trong ngành y. Bệnh nhân hồi phục nhanh hơn và tỷ lệ biến chứng giảm đáng kể.",blog_041.jpg,https://health.vn/article/4185,PUBLISHED,4319,1,25,"172,38",2025-03-08 00:00:00
Sức khỏe tim mạch theo xu hướng 2025,Bài viết chia sẻ kinh nghiệm thực tế từ các bác sĩ chuyên khoa. Khám phá cách ứng dụng công nghệ trong việc chẩn đoán và điều trị bệnh.,"Không chỉ về mặt kỹ thuật, yếu tố con người vẫn là trung tâm của y học. Tình cảm, sự đồng cảm của bác sĩ đóng vai trò lớn trong hiệu quả điều trị.

Chăm sóc sức khỏe cá nhân không chỉ dừng lại ở việc khám bệnh định kỳ, mà còn bao gồm chế độ ăn uống và luyện tập khoa học. Nhiều nghiên cứu cho thấy việc duy trì lối sống lành mạnh có thể giảm nguy cơ mắc bệnh mãn tính.

Y học hiện đại kết hợp với dữ liệu lớn (Big Data) đang giúp phát hiện sớm các bệnh nguy hiểm như ung thư, tim mạch, hay tiểu đường.

Công nghệ robot hỗ trợ phẫu thuật đang mở ra một kỷ nguyên mới trong ngành y. Bệnh nhân hồi phục nhanh hơn và tỷ lệ biến chứng giảm đáng kể.",blog_041.jpg,https://health.vn/article/3487,ARCHIVED,4474,30,24,"96,58,32",2025-09-05 00:00:00
Dinh dưỡng trong thời đại số,Bài viết cung cấp những kiến thức quan trọng về chăm sóc sức khỏe toàn diện. Tổng hợp lời khuyên từ các chuyên gia hàng đầu trong lĩnh vực y học.,"Không chỉ về mặt kỹ thuật, yếu tố con người vẫn là trung tâm của y học. Tình cảm, sự đồng cảm của bác sĩ đóng vai trò lớn trong hiệu quả điều trị.

Chăm sóc sức khỏe cá nhân không chỉ dừng lại ở việc khám bệnh định kỳ, mà còn bao gồm chế độ ăn uống và luyện tập khoa học. Nhiều nghiên cứu cho thấy việc duy trì lối sống lành mạnh có thể giảm nguy cơ mắc bệnh mãn tính.

Trong những năm gần đây, ngành y tế đang chứng kiến sự thay đổi mạnh mẽ nhờ vào công nghệ hiện đại. Trí tuệ nhân tạo và học máy giúp các bác sĩ chẩn đoán bệnh nhanh hơn, chính xác hơn.

Y học hiện đại kết hợp với dữ liệu lớn (Big Data) đang giúp phát hiện sớm các bệnh nguy hiểm như ung thư, tim mạch, hay tiểu đường.",blog_016.jpg,https://health.vn/article/7460,PUBLISHED,2500,36,13,"193,166,165",2024-07-06 00:00:00
Lối sống lành mạnh từ thực tiễn lâm sàng,Bài viết chia sẻ kinh nghiệm thực tế từ các bác sĩ chuyên khoa. Bài viết cung cấp những kiến thức quan trọng về chăm sóc sức khỏe toàn diện.,"Không chỉ về mặt kỹ thuật, yếu tố con người vẫn là trung tâm của y học. Tình cảm, sự đồng cảm của bác sĩ đóng vai trò lớn trong hiệu quả điều trị.

Trong những năm gần đây, ngành y tế đang chứng kiến sự thay đổi mạnh mẽ nhờ vào công nghệ hiện đại. Trí tuệ nhân tạo và học máy giúp các bác sĩ chẩn đoán bệnh nhanh hơn, chính xác hơn.

Công nghệ robot hỗ trợ phẫu thuật đang mở ra một kỷ nguyên mới trong ngành y. Bệnh nhân hồi phục nhanh hơn và tỷ lệ biến chứng giảm đáng kể.

Công nghệ robot hỗ trợ phẫu thuật đang mở ra một kỷ nguyên mới trong ngành y. Bệnh nhân hồi phục nhanh hơn và tỷ lệ biến chứng giảm đáng kể.",blog_045.jpg,https://health.vn/article/4798,DRAFT,2674,26,28,70,2025-02-15 00:00:00
Chăm sóc da theo xu hướng 2025,Bài viết chia sẻ kinh nghiệm thực tế từ các bác sĩ chuyên khoa. Bài viết cung cấp những kiến thức quan trọng về chăm sóc sức khỏe toàn diện.,"Y học hiện đại kết hợp với dữ liệu lớn (Big Data) đang giúp phát hiện sớm các bệnh nguy hiểm như ung thư, tim mạch, hay tiểu đường.

Chăm sóc sức khỏe cá nhân không chỉ dừng lại ở việc khám bệnh định kỳ, mà còn bao gồm chế độ ăn uống và luyện tập khoa học. Nhiều nghiên cứu cho thấy việc duy trì lối sống lành mạnh có thể giảm nguy cơ mắc bệnh mãn tính.

Chăm sóc sức khỏe cá nhân không chỉ dừng lại ở việc khám bệnh định kỳ, mà còn bao gồm chế độ ăn uống và luyện tập khoa học. Nhiều nghiên cứu cho thấy việc duy trì lối sống lành mạnh có thể giảm nguy cơ mắc bệnh mãn tính.

Chăm sóc sức khỏe cá nhân không chỉ dừng lại ở việc khám bệnh định kỳ, mà còn bao gồm chế độ ăn uống và luyện tập khoa học. Nhiều nghiên cứu cho thấy việc duy trì lối sống lành mạnh có thể giảm nguy cơ mắc bệnh mãn tính.",blog_023.jpg,https://health.vn/article/4891,PUBLISHED,3585,7,21,"185,99,150",2024-05-16 00:00:00
Sức khỏe tinh thần từ thực tiễn lâm sàng,Bài viết chia sẻ kinh nghiệm thực tế từ các bác sĩ chuyên khoa. Giúp bạn hiểu rõ hơn về tầm quan trọng của việc duy trì lối sống lành mạnh.,"Công nghệ robot hỗ trợ phẫu thuật đang mở ra một kỷ nguyên mới trong ngành y. Bệnh nhân hồi phục nhanh hơn và tỷ lệ biến chứng giảm đáng kể.

Trong những năm gần đây, ngành y tế đang chứng kiến sự thay đổi mạnh mẽ nhờ vào công nghệ hiện đại. Trí tuệ nhân tạo và học máy giúp các bác sĩ chẩn đoán bệnh nhanh hơn, chính xác hơn.

Chăm sóc sức khỏe cá nhân không chỉ dừng lại ở việc khám bệnh định kỳ, mà còn bao gồm chế độ ăn uống và luyện tập khoa học. Nhiều nghiên cứu cho thấy việc duy trì lối sống lành mạnh có thể giảm nguy cơ mắc bệnh mãn tính.

Công nghệ robot hỗ trợ phẫu thuật đang mở ra một kỷ nguyên mới trong ngành y. Bệnh nhân hồi phục nhanh hơn và tỷ lệ biến chứng giảm đáng kể.",blog_040.jpg,https://health.vn/article/8614,PUBLISHED,3696,5,31,"40,128",2024-03-28 00:00:00
Phục hồi chức năng và cách cải thiện,Khám phá cách ứng dụng công nghệ trong việc chẩn đoán và điều trị bệnh. Bài viết chia sẻ kinh nghiệm thực tế từ các bác sĩ chuyên khoa.,"Công nghệ robot hỗ trợ phẫu thuật đang mở ra một kỷ nguyên mới trong ngành y. Bệnh nhân hồi phục nhanh hơn và tỷ lệ biến chứng giảm đáng kể.

Công nghệ robot hỗ trợ phẫu thuật đang mở ra một kỷ nguyên mới trong ngành y. Bệnh nhân hồi phục nhanh hơn và tỷ lệ biến chứng giảm đáng kể.

Y học hiện đại kết hợp với dữ liệu lớn (Big Data) đang giúp phát hiện sớm các bệnh nguy hiểm như ung thư, tim mạch, hay tiểu đường.

Trong những năm gần đây, ngành y tế đang chứng kiến sự thay đổi mạnh mẽ nhờ vào công nghệ hiện đại. Trí tuệ nhân tạo và học máy giúp các bác sĩ chẩn đoán bệnh nhanh hơn, chính xác hơn.",blog_007.jpg,https://health.vn/article/4440,PUBLISHED,895,24,25,"163,178",2024-12-05 00:00:00
Sức khỏe tim mạch và cách cải thiện,Bài viết chia sẻ kinh nghiệm thực tế từ các bác sĩ chuyên khoa. Bài viết chia sẻ kinh nghiệm thực tế từ các bác sĩ chuyên khoa.,"Không chỉ về mặt kỹ thuật, yếu tố con người vẫn là trung tâm của y học. Tình cảm, sự đồng cảm của bác sĩ đóng vai trò lớn trong hiệu quả điều trị.

Chăm sóc sức khỏe cá nhân không chỉ dừng lại ở việc khám bệnh định kỳ, mà còn bao gồm chế độ ăn uống và luyện tập khoa học. Nhiều nghiên cứu cho thấy việc duy trì lối sống lành mạnh có thể giảm nguy cơ mắc bệnh mãn tính.

Chăm sóc sức khỏe cá nhân không chỉ dừng lại ở việc khám bệnh định kỳ, mà còn bao gồm chế độ ăn uống và luyện tập khoa học. Nhiều nghiên cứu cho thấy việc duy trì lối sống lành mạnh có thể giảm nguy cơ mắc bệnh mãn tính.

Không chỉ về mặt kỹ thuật, yếu tố con người vẫn là trung tâm của y học. Tình cảm, sự đồng cảm của bác sĩ đóng vai trò lớn trong hiệu quả điều trị.",blog_022.jpg,https://health.vn/article/1769,PUBLISHED,79,16,28,150,2024-08-24 00:00:00
Phục hồi chức năng theo xu hướng 2025,Khám phá cách ứng dụng công nghệ trong việc chẩn đoán và điều trị bệnh. Khám phá cách ứng dụng công nghệ trong việc chẩn đoán và điều trị bệnh.,"Công nghệ robot hỗ trợ phẫu thuật đang mở ra một kỷ nguyên mới trong ngành y. Bệnh nhân hồi phục nhanh hơn và tỷ lệ biến chứng giảm đáng kể.

Công nghệ robot hỗ trợ phẫu thuật đang mở ra một kỷ nguyên mới trong ngành y. Bệnh nhân hồi phục nhanh hơn và tỷ lệ biến chứng giảm đáng kể.

Không chỉ về mặt kỹ thuật, yếu tố con người vẫn là trung tâm của y học. Tình cảm, sự đồng cảm của bác sĩ đóng vai trò lớn trong hiệu quả điều trị.

Công nghệ robot hỗ trợ phẫu thuật đang mở ra một kỷ nguyên mới trong ngành y. Bệnh nhân hồi phục nhanh hơn và tỷ lệ biến chứng giảm đáng kể.",blog_019.jpg,https://health.vn/article/3361,ARCHIVED,3363,35,15,"83,170,191",2025-01-11 00:00:00
Phục hồi chức năng theo xu hướng 2025,Khám phá cách ứng dụng công nghệ trong việc chẩn đoán và điều trị bệnh. Bài viết chia sẻ kinh nghiệm thực tế từ các bác sĩ chuyên khoa.,"Chăm sóc sức khỏe cá nhân không chỉ dừng lại ở việc khám bệnh định kỳ, mà còn bao gồm chế độ ăn uống và luyện tập khoa học. Nhiều nghiên cứu cho thấy việc duy trì lối sống lành mạnh có thể giảm nguy cơ mắc bệnh mãn tính.

Y học hiện đại kết hợp với dữ liệu lớn (Big Data) đang giúp phát hiện sớm các bệnh nguy hiểm như ung thư, tim mạch, hay tiểu đường.

Trong những năm gần đây, ngành y tế đang chứng kiến sự thay đổi mạnh mẽ nhờ vào công nghệ hiện đại. Trí tuệ nhân tạo và học máy giúp các bác sĩ chẩn đoán bệnh nhanh hơn, chính xác hơn.

Chăm sóc sức khỏe cá nhân không chỉ dừng lại ở việc khám bệnh định kỳ, mà còn bao gồm chế độ ăn uống và luyện tập khoa học. Nhiều nghiên cứu cho thấy việc duy trì lối sống lành mạnh có thể giảm nguy cơ mắc bệnh mãn tính.",blog_041.jpg,https://health.vn/article/4969,ARCHIVED,883,8,31,"35,63",2025-02-18 00:00:00
Phục hồi chức năng qua nghiên cứu mới nhất,Bài viết chia sẻ kinh nghiệm thực tế từ các bác sĩ chuyên khoa. Tổng hợp lời khuyên từ các chuyên gia hàng đầu trong lĩnh vực y học.,"Không chỉ về mặt kỹ thuật, yếu tố con người vẫn là trung tâm của y học. Tình cảm, sự đồng cảm của bác sĩ đóng vai trò lớn trong hiệu quả điều trị.

Không chỉ về mặt kỹ thuật, yếu tố con người vẫn là trung tâm của y học. Tình cảm, sự đồng cảm của bác sĩ đóng vai trò lớn trong hiệu quả điều trị.

Y học hiện đại kết hợp với dữ liệu lớn (Big Data) đang giúp phát hiện sớm các bệnh nguy hiểm như ung thư, tim mạch, hay tiểu đường.

Không chỉ về mặt kỹ thuật, yếu tố con người vẫn là trung tâm của y học. Tình cảm, sự đồng cảm của bác sĩ đóng vai trò lớn trong hiệu quả điều trị.",blog_026.jpg,https://health.vn/article/3322,DRAFT,467,8,31,25,2025-01-26 00:00:00
Phòng ngừa bệnh từ thực tiễn lâm sàng,Giúp bạn hiểu rõ hơn về tầm quan trọng của việc duy trì lối sống lành mạnh. Giúp bạn hiểu rõ hơn về tầm quan trọng của việc duy trì lối sống lành mạnh.,"Chăm sóc sức khỏe cá nhân không chỉ dừng lại ở việc khám bệnh định kỳ, mà còn bao gồm chế độ ăn uống và luyện tập khoa học. Nhiều nghiên cứu cho thấy việc duy trì lối sống lành mạnh có thể giảm nguy cơ mắc bệnh mãn tính.

Y học hiện đại kết hợp với dữ liệu lớn (Big Data) đang giúp phát hiện sớm các bệnh nguy hiểm như ung thư, tim mạch, hay tiểu đường.

Không chỉ về mặt kỹ thuật, yếu tố con người vẫn là trung tâm của y học. Tình cảm, sự đồng cảm của bác sĩ đóng vai trò lớn trong hiệu quả điều trị.

Công nghệ robot hỗ trợ phẫu thuật đang mở ra một kỷ nguyên mới trong ngành y. Bệnh nhân hồi phục nhanh hơn và tỷ lệ biến chứng giảm đáng kể.",blog_036.jpg,https://health.vn/article/9035,ARCHIVED,2320,21,14,"154,64,139",2025-03-01 00:00:00
Phòng ngừa bệnh theo xu hướng 2025,Giúp bạn hiểu rõ hơn về tầm quan trọng của việc duy trì lối sống lành mạnh. Khám phá cách ứng dụng công nghệ trong việc chẩn đoán và điều trị bệnh.,"Không chỉ về mặt kỹ thuật, yếu tố con người vẫn là trung tâm của y học. Tình cảm, sự đồng cảm của bác sĩ đóng vai trò lớn trong hiệu quả điều trị.

Công nghệ robot hỗ trợ phẫu thuật đang mở ra một kỷ nguyên mới trong ngành y. Bệnh nhân hồi phục nhanh hơn và tỷ lệ biến chứng giảm đáng kể.

Trong những năm gần đây, ngành y tế đang chứng kiến sự thay đổi mạnh mẽ nhờ vào công nghệ hiện đại. Trí tuệ nhân tạo và học máy giúp các bác sĩ chẩn đoán bệnh nhanh hơn, chính xác hơn.

Trong những năm gần đây, ngành y tế đang chứng kiến sự thay đổi mạnh mẽ nhờ vào công nghệ hiện đại. Trí tuệ nhân tạo và học máy giúp các bác sĩ chẩn đoán bệnh nhanh hơn, chính xác hơn.",blog_033.jpg,https://health.vn/article/2383,DRAFT,4240,12,23,"158,8",2024-11-26 00:00:00
AI trong y học qua nghiên cứu mới nhất,Bài viết chia sẻ kinh nghiệm thực tế từ các bác sĩ chuyên khoa. Khám phá cách ứng dụng công nghệ trong việc chẩn đoán và điều trị bệnh.,"Không chỉ về mặt kỹ thuật, yếu tố con người vẫn là trung tâm của y học. Tình cảm, sự đồng cảm của bác sĩ đóng vai trò lớn trong hiệu quả điều trị.

Trong những năm gần đây, ngành y tế đang chứng kiến sự thay đổi mạnh mẽ nhờ vào công nghệ hiện đại. Trí tuệ nhân tạo và học máy giúp các bác sĩ chẩn đoán bệnh nhanh hơn, chính xác hơn.

Y học hiện đại kết hợp với dữ liệu lớn (Big Data) đang giúp phát hiện sớm các bệnh nguy hiểm như ung thư, tim mạch, hay tiểu đường.

Trong những năm gần đây, ngành y tế đang chứng kiến sự thay đổi mạnh mẽ nhờ vào công nghệ hiện đại. Trí tuệ nhân tạo và học máy giúp các bác sĩ chẩn đoán bệnh nhanh hơn, chính xác hơn.",blog_027.jpg,https://health.vn/article/4966,DRAFT,2017,21,11,187,2025-05-23 00:00:00
Y học hiện đại dành cho người cao tuổi,Tổng hợp lời khuyên từ các chuyên gia hàng đầu trong lĩnh vực y học. Bài viết cung cấp những kiến thức quan trọng về chăm sóc sức khỏe toàn diện.,"Trong những năm gần đây, ngành y tế đang chứng kiến sự thay đổi mạnh mẽ nhờ vào công nghệ hiện đại. Trí tuệ nhân tạo và học máy giúp các bác sĩ chẩn đoán bệnh nhanh hơn, chính xác hơn.

Trong những năm gần đây, ngành y tế đang chứng kiến sự thay đổi mạnh mẽ nhờ vào công nghệ hiện đại. Trí tuệ nhân tạo và học máy giúp các bác sĩ chẩn đoán bệnh nhanh hơn, chính xác hơn.

Công nghệ robot hỗ trợ phẫu thuật đang mở ra một kỷ nguyên mới trong ngành y. Bệnh nhân hồi phục nhanh hơn và tỷ lệ biến chứng giảm đáng kể.

Chăm sóc sức khỏe cá nhân không chỉ dừng lại ở việc khám bệnh định kỳ, mà còn bao gồm chế độ ăn uống và luyện tập khoa học. Nhiều nghiên cứu cho thấy việc duy trì lối sống lành mạnh có thể giảm nguy cơ mắc bệnh mãn tính.",blog_027.jpg,https://health.vn/article/6054,PUBLISHED,3492,9,29,15,2024-10-18 00:00:00
Phục hồi chức năng dành cho người cao tuổi,Giúp bạn hiểu rõ hơn về tầm quan trọng của việc duy trì lối sống lành mạnh. Bài viết cung cấp những kiến thức quan trọng về chăm sóc sức khỏe toàn diện.,"Công nghệ robot hỗ trợ phẫu thuật đang mở ra một kỷ nguyên mới trong ngành y. Bệnh nhân hồi phục nhanh hơn và tỷ lệ biến chứng giảm đáng kể.

Trong những năm gần đây, ngành y tế đang chứng kiến sự thay đổi mạnh mẽ nhờ vào công nghệ hiện đại. Trí tuệ nhân tạo và học máy giúp các bác sĩ chẩn đoán bệnh nhanh hơn, chính xác hơn.

Trong những năm gần đây, ngành y tế đang chứng kiến sự thay đổi mạnh mẽ nhờ vào công nghệ hiện đại. Trí tuệ nhân tạo và học máy giúp các bác sĩ chẩn đoán bệnh nhanh hơn, chính xác hơn.

Chăm sóc sức khỏe cá nhân không chỉ dừng lại ở việc khám bệnh định kỳ, mà còn bao gồm chế độ ăn uống và luyện tập khoa học. Nhiều nghiên cứu cho thấy việc duy trì lối sống lành mạnh có thể giảm nguy cơ mắc bệnh mãn tính.",blog_023.jpg,https://health.vn/article/8050,ARCHIVED,4267,43,22,"174,38",2024-09-10 00:00:00
Dinh dưỡng mà bạn nên biết,Giúp bạn hiểu rõ hơn về tầm quan trọng của việc duy trì lối sống lành mạnh. Bài viết chia sẻ kinh nghiệm thực tế từ các bác sĩ chuyên khoa.,"Trong những năm gần đây, ngành y tế đang chứng kiến sự thay đổi mạnh mẽ nhờ vào công nghệ hiện đại. Trí tuệ nhân tạo và học máy giúp các bác sĩ chẩn đoán bệnh nhanh hơn, chính xác hơn.

Công nghệ robot hỗ trợ phẫu thuật đang mở ra một kỷ nguyên mới trong ngành y. Bệnh nhân hồi phục nhanh hơn và tỷ lệ biến chứng giảm đáng kể.

Trong những năm gần đây, ngành y tế đang chứng kiến sự thay đổi mạnh mẽ nhờ vào công nghệ hiện đại. Trí tuệ nhân tạo và học máy giúp các bác sĩ chẩn đoán bệnh nhanh hơn, chính xác hơn.

Y học hiện đại kết hợp với dữ liệu lớn (Big Data) đang giúp phát hiện sớm các bệnh nguy hiểm như ung thư, tim mạch, hay tiểu đường.",blog_044.jpg,https://health.vn/article/7282,DRAFT,4911,13,11,156,2024-10-14 00:00:00
Chăm sóc da từ thực tiễn lâm sàng,Bài viết cung cấp những kiến thức quan trọng về chăm sóc sức khỏe toàn diện. Tổng hợp lời khuyên từ các chuyên gia hàng đầu trong lĩnh vực y học.,"Y học hiện đại kết hợp với dữ liệu lớn (Big Data) đang giúp phát hiện sớm các bệnh nguy hiểm như ung thư, tim mạch, hay tiểu đường.

Trong những năm gần đây, ngành y tế đang chứng kiến sự thay đổi mạnh mẽ nhờ vào công nghệ hiện đại. Trí tuệ nhân tạo và học máy giúp các bác sĩ chẩn đoán bệnh nhanh hơn, chính xác hơn.

Y học hiện đại kết hợp với dữ liệu lớn (Big Data) đang giúp phát hiện sớm các bệnh nguy hiểm như ung thư, tim mạch, hay tiểu đường.

Chăm sóc sức khỏe cá nhân không chỉ dừng lại ở việc khám bệnh định kỳ, mà còn bao gồm chế độ ăn uống và luyện tập khoa học. Nhiều nghiên cứu cho thấy việc duy trì lối sống lành mạnh có thể giảm nguy cơ mắc bệnh mãn tính.",blog_037.jpg,https://health.vn/article/1629,DRAFT,4374,8,22,"149,5",2024-08-07 00:00:00
Chăm sóc da từ thực tiễn lâm sàng,Tổng hợp lời khuyên từ các chuyên gia hàng đầu trong lĩnh vực y học. Bài viết chia sẻ kinh nghiệm thực tế từ các bác sĩ chuyên khoa.,"Y học hiện đại kết hợp với dữ liệu lớn (Big Data) đang giúp phát hiện sớm các bệnh nguy hiểm như ung thư, tim mạch, hay tiểu đường.

Trong những năm gần đây, ngành y tế đang chứng kiến sự thay đổi mạnh mẽ nhờ vào công nghệ hiện đại. Trí tuệ nhân tạo và học máy giúp các bác sĩ chẩn đoán bệnh nhanh hơn, chính xác hơn.

Công nghệ robot hỗ trợ phẫu thuật đang mở ra một kỷ nguyên mới trong ngành y. Bệnh nhân hồi phục nhanh hơn và tỷ lệ biến chứng giảm đáng kể.

Y học hiện đại kết hợp với dữ liệu lớn (Big Data) đang giúp phát hiện sớm các bệnh nguy hiểm như ung thư, tim mạch, hay tiểu đường.",blog_014.jpg,https://health.vn/article/8879,PUBLISHED,213,45,16,202,2025-07-21 00:00:00
Công nghệ y tế với công nghệ mới,Giúp bạn hiểu rõ hơn về tầm quan trọng của việc duy trì lối sống lành mạnh. Tổng hợp lời khuyên từ các chuyên gia hàng đầu trong lĩnh vực y học.,"Trong những năm gần đây, ngành y tế đang chứng kiến sự thay đổi mạnh mẽ nhờ vào công nghệ hiện đại. Trí tuệ nhân tạo và học máy giúp các bác sĩ chẩn đoán bệnh nhanh hơn, chính xác hơn.

Chăm sóc sức khỏe cá nhân không chỉ dừng lại ở việc khám bệnh định kỳ, mà còn bao gồm chế độ ăn uống và luyện tập khoa học. Nhiều nghiên cứu cho thấy việc duy trì lối sống lành mạnh có thể giảm nguy cơ mắc bệnh mãn tính.

Chăm sóc sức khỏe cá nhân không chỉ dừng lại ở việc khám bệnh định kỳ, mà còn bao gồm chế độ ăn uống và luyện tập khoa học. Nhiều nghiên cứu cho thấy việc duy trì lối sống lành mạnh có thể giảm nguy cơ mắc bệnh mãn tính.

Chăm sóc sức khỏe cá nhân không chỉ dừng lại ở việc khám bệnh định kỳ, mà còn bao gồm chế độ ăn uống và luyện tập khoa học. Nhiều nghiên cứu cho thấy việc duy trì lối sống lành mạnh có thể giảm nguy cơ mắc bệnh mãn tính.",blog_002.jpg,https://health.vn/article/5073,PUBLISHED,1959,30,14,"205,163,37",2025-09-21 00:00:00
Phòng ngừa bệnh theo xu hướng 2025,Bài viết chia sẻ kinh nghiệm thực tế từ các bác sĩ chuyên khoa. Khám phá cách ứng dụng công nghệ trong việc chẩn đoán và điều trị bệnh.,"Không chỉ về mặt kỹ thuật, yếu tố con người vẫn là trung tâm của y học. Tình cảm, sự đồng cảm của bác sĩ đóng vai trò lớn trong hiệu quả điều trị.

Trong những năm gần đây, ngành y tế đang chứng kiến sự thay đổi mạnh mẽ nhờ vào công nghệ hiện đại. Trí tuệ nhân tạo và học máy giúp các bác sĩ chẩn đoán bệnh nhanh hơn, chính xác hơn.

Công nghệ robot hỗ trợ phẫu thuật đang mở ra một kỷ nguyên mới trong ngành y. Bệnh nhân hồi phục nhanh hơn và tỷ lệ biến chứng giảm đáng kể.

Trong những năm gần đây, ngành y tế đang chứng kiến sự thay đổi mạnh mẽ nhờ vào công nghệ hiện đại. Trí tuệ nhân tạo và học máy giúp các bác sĩ chẩn đoán bệnh nhanh hơn, chính xác hơn.",blog_005.jpg,https://health.vn/article/5031,DRAFT,3912,22,17,139,2025-04-04 00:00:00
Phòng ngừa bệnh từ thực tiễn lâm sàng,Giúp bạn hiểu rõ hơn về tầm quan trọng của việc duy trì lối sống lành mạnh. Tổng hợp lời khuyên từ các chuyên gia hàng đầu trong lĩnh vực y học.,"Y học hiện đại kết hợp với dữ liệu lớn (Big Data) đang giúp phát hiện sớm các bệnh nguy hiểm như ung thư, tim mạch, hay tiểu đường.

Công nghệ robot hỗ trợ phẫu thuật đang mở ra một kỷ nguyên mới trong ngành y. Bệnh nhân hồi phục nhanh hơn và tỷ lệ biến chứng giảm đáng kể.

Y học hiện đại kết hợp với dữ liệu lớn (Big Data) đang giúp phát hiện sớm các bệnh nguy hiểm như ung thư, tim mạch, hay tiểu đường.

Công nghệ robot hỗ trợ phẫu thuật đang mở ra một kỷ nguyên mới trong ngành y. Bệnh nhân hồi phục nhanh hơn và tỷ lệ biến chứng giảm đáng kể.",blog_038.jpg,https://health.vn/article/9936,DRAFT,4921,5,26,"202,79,85",2024-11-11 00:00:00
Công nghệ y tế với công nghệ mới,Khám phá cách ứng dụng công nghệ trong việc chẩn đoán và điều trị bệnh. Bài viết cung cấp những kiến thức quan trọng về chăm sóc sức khỏe toàn diện.,"Chăm sóc sức khỏe cá nhân không chỉ dừng lại ở việc khám bệnh định kỳ, mà còn bao gồm chế độ ăn uống và luyện tập khoa học. Nhiều nghiên cứu cho thấy việc duy trì lối sống lành mạnh có thể giảm nguy cơ mắc bệnh mãn tính.

Công nghệ robot hỗ trợ phẫu thuật đang mở ra một kỷ nguyên mới trong ngành y. Bệnh nhân hồi phục nhanh hơn và tỷ lệ biến chứng giảm đáng kể.

Chăm sóc sức khỏe cá nhân không chỉ dừng lại ở việc khám bệnh định kỳ, mà còn bao gồm chế độ ăn uống và luyện tập khoa học. Nhiều nghiên cứu cho thấy việc duy trì lối sống lành mạnh có thể giảm nguy cơ mắc bệnh mãn tính.

Không chỉ về mặt kỹ thuật, yếu tố con người vẫn là trung tâm của y học. Tình cảm, sự đồng cảm của bác sĩ đóng vai trò lớn trong hiệu quả điều trị.",blog_018.jpg,https://health.vn/article/2719,PUBLISHED,577,34,25,"105,183,69",2025-09-27 00:00:00
Chăm sóc da trong thời đại số,Khám phá cách ứng dụng công nghệ trong việc chẩn đoán và điều trị bệnh. Giúp bạn hiểu rõ hơn về tầm quan trọng của việc duy trì lối sống lành mạnh.,"Chăm sóc sức khỏe cá nhân không chỉ dừng lại ở việc khám bệnh định kỳ, mà còn bao gồm chế độ ăn uống và luyện tập khoa học. Nhiều nghiên cứu cho thấy việc duy trì lối sống lành mạnh có thể giảm nguy cơ mắc bệnh mãn tính.

Y học hiện đại kết hợp với dữ liệu lớn (Big Data) đang giúp phát hiện sớm các bệnh nguy hiểm như ung thư, tim mạch, hay tiểu đường.

Công nghệ robot hỗ trợ phẫu thuật đang mở ra một kỷ nguyên mới trong ngành y. Bệnh nhân hồi phục nhanh hơn và tỷ lệ biến chứng giảm đáng kể.

Công nghệ robot hỗ trợ phẫu thuật đang mở ra một kỷ nguyên mới trong ngành y. Bệnh nhân hồi phục nhanh hơn và tỷ lệ biến chứng giảm đáng kể.",blog_042.jpg,https://health.vn/article/5932,PUBLISHED,4496,37,14,"68,20",2024-09-02 00:00:00
Chăm sóc da dành cho người cao tuổi,Bài viết cung cấp những kiến thức quan trọng về chăm sóc sức khỏe toàn diện. Bài viết chia sẻ kinh nghiệm thực tế từ các bác sĩ chuyên khoa.,"Trong những năm gần đây, ngành y tế đang chứng kiến sự thay đổi mạnh mẽ nhờ vào công nghệ hiện đại. Trí tuệ nhân tạo và học máy giúp các bác sĩ chẩn đoán bệnh nhanh hơn, chính xác hơn.

Công nghệ robot hỗ trợ phẫu thuật đang mở ra một kỷ nguyên mới trong ngành y. Bệnh nhân hồi phục nhanh hơn và tỷ lệ biến chứng giảm đáng kể.

Không chỉ về mặt kỹ thuật, yếu tố con người vẫn là trung tâm của y học. Tình cảm, sự đồng cảm của bác sĩ đóng vai trò lớn trong hiệu quả điều trị.

Công nghệ robot hỗ trợ phẫu thuật đang mở ra một kỷ nguyên mới trong ngành y. Bệnh nhân hồi phục nhanh hơn và tỷ lệ biến chứng giảm đáng kể.",blog_005.jpg,https://health.vn/article/8614,ARCHIVED,2855,25,29,22,2025-06-09 00:00:00
Sức khỏe tim mạch trong thời đại số,Tổng hợp lời khuyên từ các chuyên gia hàng đầu trong lĩnh vực y học. Bài viết chia sẻ kinh nghiệm thực tế từ các bác sĩ chuyên khoa.,"Không chỉ về mặt kỹ thuật, yếu tố con người vẫn là trung tâm của y học. Tình cảm, sự đồng cảm của bác sĩ đóng vai trò lớn trong hiệu quả điều trị.

Không chỉ về mặt kỹ thuật, yếu tố con người vẫn là trung tâm của y học. Tình cảm, sự đồng cảm của bác sĩ đóng vai trò lớn trong hiệu quả điều trị.

Trong những năm gần đây, ngành y tế đang chứng kiến sự thay đổi mạnh mẽ nhờ vào công nghệ hiện đại. Trí tuệ nhân tạo và học máy giúp các bác sĩ chẩn đoán bệnh nhanh hơn, chính xác hơn.

Y học hiện đại kết hợp với dữ liệu lớn (Big Data) đang giúp phát hiện sớm các bệnh nguy hiểm như ung thư, tim mạch, hay tiểu đường.",blog_036.jpg,https://health.vn/article/9912,DRAFT,2281,6,18,"27,142",2025-02-14 00:00:00
Công nghệ y tế qua nghiên cứu mới nhất,Bài viết cung cấp những kiến thức quan trọng về chăm sóc sức khỏe toàn diện. Khám phá cách ứng dụng công nghệ trong việc chẩn đoán và điều trị bệnh.,"Công nghệ robot hỗ trợ phẫu thuật đang mở ra một kỷ nguyên mới trong ngành y. Bệnh nhân hồi phục nhanh hơn và tỷ lệ biến chứng giảm đáng kể.

Công nghệ robot hỗ trợ phẫu thuật đang mở ra một kỷ nguyên mới trong ngành y. Bệnh nhân hồi phục nhanh hơn và tỷ lệ biến chứng giảm đáng kể.

Không chỉ về mặt kỹ thuật, yếu tố con người vẫn là trung tâm của y học. Tình cảm, sự đồng cảm của bác sĩ đóng vai trò lớn trong hiệu quả điều trị.

Công nghệ robot hỗ trợ phẫu thuật đang mở ra một kỷ nguyên mới trong ngành y. Bệnh nhân hồi phục nhanh hơn và tỷ lệ biến chứng giảm đáng kể.",blog_030.jpg,https://health.vn/article/5471,DRAFT,2493,20,26,"52,187,115",2024-07-22 00:00:00
Phục hồi chức năng dành cho người cao tuổi,Bài viết cung cấp những kiến thức quan trọng về chăm sóc sức khỏe toàn diện. Giúp bạn hiểu rõ hơn về tầm quan trọng của việc duy trì lối sống lành mạnh.,"Trong những năm gần đây, ngành y tế đang chứng kiến sự thay đổi mạnh mẽ nhờ vào công nghệ hiện đại. Trí tuệ nhân tạo và học máy giúp các bác sĩ chẩn đoán bệnh nhanh hơn, chính xác hơn.

Chăm sóc sức khỏe cá nhân không chỉ dừng lại ở việc khám bệnh định kỳ, mà còn bao gồm chế độ ăn uống và luyện tập khoa học. Nhiều nghiên cứu cho thấy việc duy trì lối sống lành mạnh có thể giảm nguy cơ mắc bệnh mãn tính.

Không chỉ về mặt kỹ thuật, yếu tố con người vẫn là trung tâm của y học. Tình cảm, sự đồng cảm của bác sĩ đóng vai trò lớn trong hiệu quả điều trị.

Công nghệ robot hỗ trợ phẫu thuật đang mở ra một kỷ nguyên mới trong ngành y. Bệnh nhân hồi phục nhanh hơn và tỷ lệ biến chứng giảm đáng kể.",blog_030.jpg,https://health.vn/article/2093,PUBLISHED,4054,14,15,"201,63,74",2025-02-26 00:00:00
Lối sống lành mạnh dành cho người cao tuổi,Khám phá cách ứng dụng công nghệ trong việc chẩn đoán và điều trị bệnh. Khám phá cách ứng dụng công nghệ trong việc chẩn đoán và điều trị bệnh.,"Y học hiện đại kết hợp với dữ liệu lớn (Big Data) đang giúp phát hiện sớm các bệnh nguy hiểm như ung thư, tim mạch, hay tiểu đường.

Y học hiện đại kết hợp với dữ liệu lớn (Big Data) đang giúp phát hiện sớm các bệnh nguy hiểm như ung thư, tim mạch, hay tiểu đường.

Công nghệ robot hỗ trợ phẫu thuật đang mở ra một kỷ nguyên mới trong ngành y. Bệnh nhân hồi phục nhanh hơn và tỷ lệ biến chứng giảm đáng kể.

Trong những năm gần đây, ngành y tế đang chứng kiến sự thay đổi mạnh mẽ nhờ vào công nghệ hiện đại. Trí tuệ nhân tạo và học máy giúp các bác sĩ chẩn đoán bệnh nhanh hơn, chính xác hơn.",blog_032.jpg,https://health.vn/article/4867,PUBLISHED,1006,4,26,"123,171,32",2024-05-08 00:00:00
Sức khỏe tim mạch trong thời đại số,Giúp bạn hiểu rõ hơn về tầm quan trọng của việc duy trì lối sống lành mạnh. Khám phá cách ứng dụng công nghệ trong việc chẩn đoán và điều trị bệnh.,"Không chỉ về mặt kỹ thuật, yếu tố con người vẫn là trung tâm của y học. Tình cảm, sự đồng cảm của bác sĩ đóng vai trò lớn trong hiệu quả điều trị.

Công nghệ robot hỗ trợ phẫu thuật đang mở ra một kỷ nguyên mới trong ngành y. Bệnh nhân hồi phục nhanh hơn và tỷ lệ biến chứng giảm đáng kể.

Không chỉ về mặt kỹ thuật, yếu tố con người vẫn là trung tâm của y học. Tình cảm, sự đồng cảm của bác sĩ đóng vai trò lớn trong hiệu quả điều trị.

Công nghệ robot hỗ trợ phẫu thuật đang mở ra một kỷ nguyên mới trong ngành y. Bệnh nhân hồi phục nhanh hơn và tỷ lệ biến chứng giảm đáng kể.",blog_021.jpg,https://health.vn/article/4708,ARCHIVED,1481,38,13,204,2025-03-04 00:00:00
Dinh dưỡng và cách cải thiện,Bài viết chia sẻ kinh nghiệm thực tế từ các bác sĩ chuyên khoa. Giúp bạn hiểu rõ hơn về tầm quan trọng của việc duy trì lối sống lành mạnh.,"Trong những năm gần đây, ngành y tế đang chứng kiến sự thay đổi mạnh mẽ nhờ vào công nghệ hiện đại. Trí tuệ nhân tạo và học máy giúp các bác sĩ chẩn đoán bệnh nhanh hơn, chính xác hơn.

Y học hiện đại kết hợp với dữ liệu lớn (Big Data) đang giúp phát hiện sớm các bệnh nguy hiểm như ung thư, tim mạch, hay tiểu đường.

Trong những năm gần đây, ngành y tế đang chứng kiến sự thay đổi mạnh mẽ nhờ vào công nghệ hiện đại. Trí tuệ nhân tạo và học máy giúp các bác sĩ chẩn đoán bệnh nhanh hơn, chính xác hơn.

Y học hiện đại kết hợp với dữ liệu lớn (Big Data) đang giúp phát hiện sớm các bệnh nguy hiểm như ung thư, tim mạch, hay tiểu đường.",blog_013.jpg,https://health.vn/article/3543,ARCHIVED,4170,10,16,175,2025-01-07 00:00:00
Phục hồi chức năng dưới góc nhìn bác sĩ,Tổng hợp lời khuyên từ các chuyên gia hàng đầu trong lĩnh vực y học. Khám phá cách ứng dụng công nghệ trong việc chẩn đoán và điều trị bệnh.,"Trong những năm gần đây, ngành y tế đang chứng kiến sự thay đổi mạnh mẽ nhờ vào công nghệ hiện đại. Trí tuệ nhân tạo và học máy giúp các bác sĩ chẩn đoán bệnh nhanh hơn, chính xác hơn.

Y học hiện đại kết hợp với dữ liệu lớn (Big Data) đang giúp phát hiện sớm các bệnh nguy hiểm như ung thư, tim mạch, hay tiểu đường.

Y học hiện đại kết hợp với dữ liệu lớn (Big Data) đang giúp phát hiện sớm các bệnh nguy hiểm như ung thư, tim mạch, hay tiểu đường.

Trong những năm gần đây, ngành y tế đang chứng kiến sự thay đổi mạnh mẽ nhờ vào công nghệ hiện đại. Trí tuệ nhân tạo và học máy giúp các bác sĩ chẩn đoán bệnh nhanh hơn, chính xác hơn.",blog_033.jpg,https://health.vn/article/3202,PUBLISHED,977,23,29,54,2024-08-31 00:00:00
Sức khỏe tinh thần từ thực tiễn lâm sàng,Bài viết chia sẻ kinh nghiệm thực tế từ các bác sĩ chuyên khoa. Giúp bạn hiểu rõ hơn về tầm quan trọng của việc duy trì lối sống lành mạnh.,"Công nghệ robot hỗ trợ phẫu thuật đang mở ra một kỷ nguyên mới trong ngành y. Bệnh nhân hồi phục nhanh hơn và tỷ lệ biến chứng giảm đáng kể.

Chăm sóc sức khỏe cá nhân không chỉ dừng lại ở việc khám bệnh định kỳ, mà còn bao gồm chế độ ăn uống và luyện tập khoa học. Nhiều nghiên cứu cho thấy việc duy trì lối sống lành mạnh có thể giảm nguy cơ mắc bệnh mãn tính.

Công nghệ robot hỗ trợ phẫu thuật đang mở ra một kỷ nguyên mới trong ngành y. Bệnh nhân hồi phục nhanh hơn và tỷ lệ biến chứng giảm đáng kể.

Không chỉ về mặt kỹ thuật, yếu tố con người vẫn là trung tâm của y học. Tình cảm, sự đồng cảm của bác sĩ đóng vai trò lớn trong hiệu quả điều trị.",blog_037.jpg,https://health.vn/article/7483,ARCHIVED,4018,41,20,137,2024-10-18 00:00:00
Công nghệ y tế dành cho người cao tuổi,Bài viết chia sẻ kinh nghiệm thực tế từ các bác sĩ chuyên khoa. Giúp bạn hiểu rõ hơn về tầm quan trọng của việc duy trì lối sống lành mạnh.,"Chăm sóc sức khỏe cá nhân không chỉ dừng lại ở việc khám bệnh định kỳ, mà còn bao gồm chế độ ăn uống và luyện tập khoa học. Nhiều nghiên cứu cho thấy việc duy trì lối sống lành mạnh có thể giảm nguy cơ mắc bệnh mãn tính.

Y học hiện đại kết hợp với dữ liệu lớn (Big Data) đang giúp phát hiện sớm các bệnh nguy hiểm như ung thư, tim mạch, hay tiểu đường.

Y học hiện đại kết hợp với dữ liệu lớn (Big Data) đang giúp phát hiện sớm các bệnh nguy hiểm như ung thư, tim mạch, hay tiểu đường.

Không chỉ về mặt kỹ thuật, yếu tố con người vẫn là trung tâm của y học. Tình cảm, sự đồng cảm của bác sĩ đóng vai trò lớn trong hiệu quả điều trị.",blog_045.jpg,https://health.vn/article/5521,PUBLISHED,2216,3,30,"51,183,108",2025-02-07 00:00:00
Sức khỏe tim mạch qua nghiên cứu mới nhất,Giúp bạn hiểu rõ hơn về tầm quan trọng của việc duy trì lối sống lành mạnh. Giúp bạn hiểu rõ hơn về tầm quan trọng của việc duy trì lối sống lành mạnh.,"Chăm sóc sức khỏe cá nhân không chỉ dừng lại ở việc khám bệnh định kỳ, mà còn bao gồm chế độ ăn uống và luyện tập khoa học. Nhiều nghiên cứu cho thấy việc duy trì lối sống lành mạnh có thể giảm nguy cơ mắc bệnh mãn tính.

Chăm sóc sức khỏe cá nhân không chỉ dừng lại ở việc khám bệnh định kỳ, mà còn bao gồm chế độ ăn uống và luyện tập khoa học. Nhiều nghiên cứu cho thấy việc duy trì lối sống lành mạnh có thể giảm nguy cơ mắc bệnh mãn tính.

Y học hiện đại kết hợp với dữ liệu lớn (Big Data) đang giúp phát hiện sớm các bệnh nguy hiểm như ung thư, tim mạch, hay tiểu đường.

Chăm sóc sức khỏe cá nhân không chỉ dừng lại ở việc khám bệnh định kỳ, mà còn bao gồm chế độ ăn uống và luyện tập khoa học. Nhiều nghiên cứu cho thấy việc duy trì lối sống lành mạnh có thể giảm nguy cơ mắc bệnh mãn tính.",blog_025.jpg,https://health.vn/article/9462,ARCHIVED,2073,21,14,127,2025-05-07 00:00:00
Phục hồi chức năng dành cho người cao tuổi,Bài viết chia sẻ kinh nghiệm thực tế từ các bác sĩ chuyên khoa. Khám phá cách ứng dụng công nghệ trong việc chẩn đoán và điều trị bệnh.,"Y học hiện đại kết hợp với dữ liệu lớn (Big Data) đang giúp phát hiện sớm các bệnh nguy hiểm như ung thư, tim mạch, hay tiểu đường.

Trong những năm gần đây, ngành y tế đang chứng kiến sự thay đổi mạnh mẽ nhờ vào công nghệ hiện đại. Trí tuệ nhân tạo và học máy giúp các bác sĩ chẩn đoán bệnh nhanh hơn, chính xác hơn.

Không chỉ về mặt kỹ thuật, yếu tố con người vẫn là trung tâm của y học. Tình cảm, sự đồng cảm của bác sĩ đóng vai trò lớn trong hiệu quả điều trị.

Chăm sóc sức khỏe cá nhân không chỉ dừng lại ở việc khám bệnh định kỳ, mà còn bao gồm chế độ ăn uống và luyện tập khoa học. Nhiều nghiên cứu cho thấy việc duy trì lối sống lành mạnh có thể giảm nguy cơ mắc bệnh mãn tính.",blog_041.jpg,https://health.vn/article/5021,ARCHIVED,1224,30,16,"93,195,104",2025-09-29 00:00:00
Lối sống lành mạnh dành cho người cao tuổi,Bài viết chia sẻ kinh nghiệm thực tế từ các bác sĩ chuyên khoa. Giúp bạn hiểu rõ hơn về tầm quan trọng của việc duy trì lối sống lành mạnh.,"Y học hiện đại kết hợp với dữ liệu lớn (Big Data) đang giúp phát hiện sớm các bệnh nguy hiểm như ung thư, tim mạch, hay tiểu đường.

Không chỉ về mặt kỹ thuật, yếu tố con người vẫn là trung tâm của y học. Tình cảm, sự đồng cảm của bác sĩ đóng vai trò lớn trong hiệu quả điều trị.

Y học hiện đại kết hợp với dữ liệu lớn (Big Data) đang giúp phát hiện sớm các bệnh nguy hiểm như ung thư, tim mạch, hay tiểu đường.

Chăm sóc sức khỏe cá nhân không chỉ dừng lại ở việc khám bệnh định kỳ, mà còn bao gồm chế độ ăn uống và luyện tập khoa học. Nhiều nghiên cứu cho thấy việc duy trì lối sống lành mạnh có thể giảm nguy cơ mắc bệnh mãn tính.",blog_030.jpg,https://health.vn/article/7465,ARCHIVED,786,25,11,"164,110,136",2024-09-06 00:00:00
Công nghệ y tế qua nghiên cứu mới nhất,Bài viết cung cấp những kiến thức quan trọng về chăm sóc sức khỏe toàn diện. Tổng hợp lời khuyên từ các chuyên gia hàng đầu trong lĩnh vực y học.,"Chăm sóc sức khỏe cá nhân không chỉ dừng lại ở việc khám bệnh định kỳ, mà còn bao gồm chế độ ăn uống và luyện tập khoa học. Nhiều nghiên cứu cho thấy việc duy trì lối sống lành mạnh có thể giảm nguy cơ mắc bệnh mãn tính.

Chăm sóc sức khỏe cá nhân không chỉ dừng lại ở việc khám bệnh định kỳ, mà còn bao gồm chế độ ăn uống và luyện tập khoa học. Nhiều nghiên cứu cho thấy việc duy trì lối sống lành mạnh có thể giảm nguy cơ mắc bệnh mãn tính.

Công nghệ robot hỗ trợ phẫu thuật đang mở ra một kỷ nguyên mới trong ngành y. Bệnh nhân hồi phục nhanh hơn và tỷ lệ biến chứng giảm đáng kể.

Công nghệ robot hỗ trợ phẫu thuật đang mở ra một kỷ nguyên mới trong ngành y. Bệnh nhân hồi phục nhanh hơn và tỷ lệ biến chứng giảm đáng kể.",blog_013.jpg,https://health.vn/article/6302,PUBLISHED,596,17,17,"108,22,45",2024-01-29 00:00:00
Lối sống lành mạnh dành cho người cao tuổi,Giúp bạn hiểu rõ hơn về tầm quan trọng của việc duy trì lối sống lành mạnh. Bài viết cung cấp những kiến thức quan trọng về chăm sóc sức khỏe toàn diện.,"Y học hiện đại kết hợp với dữ liệu lớn (Big Data) đang giúp phát hiện sớm các bệnh nguy hiểm như ung thư, tim mạch, hay tiểu đường.

Không chỉ về mặt kỹ thuật, yếu tố con người vẫn là trung tâm của y học. Tình cảm, sự đồng cảm của bác sĩ đóng vai trò lớn trong hiệu quả điều trị.

Công nghệ robot hỗ trợ phẫu thuật đang mở ra một kỷ nguyên mới trong ngành y. Bệnh nhân hồi phục nhanh hơn và tỷ lệ biến chứng giảm đáng kể.

Chăm sóc sức khỏe cá nhân không chỉ dừng lại ở việc khám bệnh định kỳ, mà còn bao gồm chế độ ăn uống và luyện tập khoa học. Nhiều nghiên cứu cho thấy việc duy trì lối sống lành mạnh có thể giảm nguy cơ mắc bệnh mãn tính.",blog_035.jpg,https://health.vn/article/9167,ARCHIVED,1388,31,12,"97,39,70",2025-04-01 00:00:00
Phòng ngừa bệnh trong thời đại số,Giúp bạn hiểu rõ hơn về tầm quan trọng của việc duy trì lối sống lành mạnh. Bài viết cung cấp những kiến thức quan trọng về chăm sóc sức khỏe toàn diện.,"Trong những năm gần đây, ngành y tế đang chứng kiến sự thay đổi mạnh mẽ nhờ vào công nghệ hiện đại. Trí tuệ nhân tạo và học máy giúp các bác sĩ chẩn đoán bệnh nhanh hơn, chính xác hơn.

Trong những năm gần đây, ngành y tế đang chứng kiến sự thay đổi mạnh mẽ nhờ vào công nghệ hiện đại. Trí tuệ nhân tạo và học máy giúp các bác sĩ chẩn đoán bệnh nhanh hơn, chính xác hơn.

Y học hiện đại kết hợp với dữ liệu lớn (Big Data) đang giúp phát hiện sớm các bệnh nguy hiểm như ung thư, tim mạch, hay tiểu đường.

Trong những năm gần đây, ngành y tế đang chứng kiến sự thay đổi mạnh mẽ nhờ vào công nghệ hiện đại. Trí tuệ nhân tạo và học máy giúp các bác sĩ chẩn đoán bệnh nhanh hơn, chính xác hơn.",blog_050.jpg,https://health.vn/article/4552,DRAFT,1928,11,21,107,2025-03-01 00:00:00
Y học hiện đại theo xu hướng 2025,Khám phá cách ứng dụng công nghệ trong việc chẩn đoán và điều trị bệnh. Bài viết cung cấp những kiến thức quan trọng về chăm sóc sức khỏe toàn diện.,"Trong những năm gần đây, ngành y tế đang chứng kiến sự thay đổi mạnh mẽ nhờ vào công nghệ hiện đại. Trí tuệ nhân tạo và học máy giúp các bác sĩ chẩn đoán bệnh nhanh hơn, chính xác hơn.

Không chỉ về mặt kỹ thuật, yếu tố con người vẫn là trung tâm của y học. Tình cảm, sự đồng cảm của bác sĩ đóng vai trò lớn trong hiệu quả điều trị.

Y học hiện đại kết hợp với dữ liệu lớn (Big Data) đang giúp phát hiện sớm các bệnh nguy hiểm như ung thư, tim mạch, hay tiểu đường.

Công nghệ robot hỗ trợ phẫu thuật đang mở ra một kỷ nguyên mới trong ngành y. Bệnh nhân hồi phục nhanh hơn và tỷ lệ biến chứng giảm đáng kể.",blog_018.jpg,https://health.vn/article/9282,ARCHIVED,4495,34,31,142,2024-12-06 00:00:00
Công nghệ y tế dưới góc nhìn bác sĩ,Tổng hợp lời khuyên từ các chuyên gia hàng đầu trong lĩnh vực y học. Bài viết chia sẻ kinh nghiệm thực tế từ các bác sĩ chuyên khoa.,"Công nghệ robot hỗ trợ phẫu thuật đang mở ra một kỷ nguyên mới trong ngành y. Bệnh nhân hồi phục nhanh hơn và tỷ lệ biến chứng giảm đáng kể.

Công nghệ robot hỗ trợ phẫu thuật đang mở ra một kỷ nguyên mới trong ngành y. Bệnh nhân hồi phục nhanh hơn và tỷ lệ biến chứng giảm đáng kể.

Công nghệ robot hỗ trợ phẫu thuật đang mở ra một kỷ nguyên mới trong ngành y. Bệnh nhân hồi phục nhanh hơn và tỷ lệ biến chứng giảm đáng kể.

Công nghệ robot hỗ trợ phẫu thuật đang mở ra một kỷ nguyên mới trong ngành y. Bệnh nhân hồi phục nhanh hơn và tỷ lệ biến chứng giảm đáng kể.",blog_008.jpg,https://health.vn/article/8036,PUBLISHED,1138,33,22,"9,46",2025-03-16 00:00:00
AI trong y học dưới góc nhìn bác sĩ,Giúp bạn hiểu rõ hơn về tầm quan trọng của việc duy trì lối sống lành mạnh. Khám phá cách ứng dụng công nghệ trong việc chẩn đoán và điều trị bệnh.,"Chăm sóc sức khỏe cá nhân không chỉ dừng lại ở việc khám bệnh định kỳ, mà còn bao gồm chế độ ăn uống và luyện tập khoa học. Nhiều nghiên cứu cho thấy việc duy trì lối sống lành mạnh có thể giảm nguy cơ mắc bệnh mãn tính.

Công nghệ robot hỗ trợ phẫu thuật đang mở ra một kỷ nguyên mới trong ngành y. Bệnh nhân hồi phục nhanh hơn và tỷ lệ biến chứng giảm đáng kể.

Không chỉ về mặt kỹ thuật, yếu tố con người vẫn là trung tâm của y học. Tình cảm, sự đồng cảm của bác sĩ đóng vai trò lớn trong hiệu quả điều trị.

Y học hiện đại kết hợp với dữ liệu lớn (Big Data) đang giúp phát hiện sớm các bệnh nguy hiểm như ung thư, tim mạch, hay tiểu đường.",blog_019.jpg,https://health.vn/article/3803,ARCHIVED,3750,22,12,182,2024-02-18 00:00:00
Sức khỏe tim mạch dành cho người cao tuổi,Tổng hợp lời khuyên từ các chuyên gia hàng đầu trong lĩnh vực y học. Bài viết chia sẻ kinh nghiệm thực tế từ các bác sĩ chuyên khoa.,"Công nghệ robot hỗ trợ phẫu thuật đang mở ra một kỷ nguyên mới trong ngành y. Bệnh nhân hồi phục nhanh hơn và tỷ lệ biến chứng giảm đáng kể.

Trong những năm gần đây, ngành y tế đang chứng kiến sự thay đổi mạnh mẽ nhờ vào công nghệ hiện đại. Trí tuệ nhân tạo và học máy giúp các bác sĩ chẩn đoán bệnh nhanh hơn, chính xác hơn.

Y học hiện đại kết hợp với dữ liệu lớn (Big Data) đang giúp phát hiện sớm các bệnh nguy hiểm như ung thư, tim mạch, hay tiểu đường.

Trong những năm gần đây, ngành y tế đang chứng kiến sự thay đổi mạnh mẽ nhờ vào công nghệ hiện đại. Trí tuệ nhân tạo và học máy giúp các bác sĩ chẩn đoán bệnh nhanh hơn, chính xác hơn.",blog_009.jpg,https://health.vn/article/7517,PUBLISHED,2794,40,21,124,2025-01-15 00:00:00
Chăm sóc da qua nghiên cứu mới nhất,Bài viết chia sẻ kinh nghiệm thực tế từ các bác sĩ chuyên khoa. Bài viết chia sẻ kinh nghiệm thực tế từ các bác sĩ chuyên khoa.,"Chăm sóc sức khỏe cá nhân không chỉ dừng lại ở việc khám bệnh định kỳ, mà còn bao gồm chế độ ăn uống và luyện tập khoa học. Nhiều nghiên cứu cho thấy việc duy trì lối sống lành mạnh có thể giảm nguy cơ mắc bệnh mãn tính.

Y học hiện đại kết hợp với dữ liệu lớn (Big Data) đang giúp phát hiện sớm các bệnh nguy hiểm như ung thư, tim mạch, hay tiểu đường.

Y học hiện đại kết hợp với dữ liệu lớn (Big Data) đang giúp phát hiện sớm các bệnh nguy hiểm như ung thư, tim mạch, hay tiểu đường.

Công nghệ robot hỗ trợ phẫu thuật đang mở ra một kỷ nguyên mới trong ngành y. Bệnh nhân hồi phục nhanh hơn và tỷ lệ biến chứng giảm đáng kể.",blog_036.jpg,https://health.vn/article/3454,PUBLISHED,2436,9,23,"63,92,10",2025-07-17 00:00:00
Lối sống lành mạnh với công nghệ mới,Giúp bạn hiểu rõ hơn về tầm quan trọng của việc duy trì lối sống lành mạnh. Khám phá cách ứng dụng công nghệ trong việc chẩn đoán và điều trị bệnh.,"Y học hiện đại kết hợp với dữ liệu lớn (Big Data) đang giúp phát hiện sớm các bệnh nguy hiểm như ung thư, tim mạch, hay tiểu đường.

Công nghệ robot hỗ trợ phẫu thuật đang mở ra một kỷ nguyên mới trong ngành y. Bệnh nhân hồi phục nhanh hơn và tỷ lệ biến chứng giảm đáng kể.

Chăm sóc sức khỏe cá nhân không chỉ dừng lại ở việc khám bệnh định kỳ, mà còn bao gồm chế độ ăn uống và luyện tập khoa học. Nhiều nghiên cứu cho thấy việc duy trì lối sống lành mạnh có thể giảm nguy cơ mắc bệnh mãn tính.

Công nghệ robot hỗ trợ phẫu thuật đang mở ra một kỷ nguyên mới trong ngành y. Bệnh nhân hồi phục nhanh hơn và tỷ lệ biến chứng giảm đáng kể.",blog_016.jpg,https://health.vn/article/6884,ARCHIVED,3455,28,14,"125,112",2024-11-21 00:00:00
Y học hiện đại và cách cải thiện,Khám phá cách ứng dụng công nghệ trong việc chẩn đoán và điều trị bệnh. Tổng hợp lời khuyên từ các chuyên gia hàng đầu trong lĩnh vực y học.,"Công nghệ robot hỗ trợ phẫu thuật đang mở ra một kỷ nguyên mới trong ngành y. Bệnh nhân hồi phục nhanh hơn và tỷ lệ biến chứng giảm đáng kể.

Chăm sóc sức khỏe cá nhân không chỉ dừng lại ở việc khám bệnh định kỳ, mà còn bao gồm chế độ ăn uống và luyện tập khoa học. Nhiều nghiên cứu cho thấy việc duy trì lối sống lành mạnh có thể giảm nguy cơ mắc bệnh mãn tính.

Chăm sóc sức khỏe cá nhân không chỉ dừng lại ở việc khám bệnh định kỳ, mà còn bao gồm chế độ ăn uống và luyện tập khoa học. Nhiều nghiên cứu cho thấy việc duy trì lối sống lành mạnh có thể giảm nguy cơ mắc bệnh mãn tính.

Công nghệ robot hỗ trợ phẫu thuật đang mở ra một kỷ nguyên mới trong ngành y. Bệnh nhân hồi phục nhanh hơn và tỷ lệ biến chứng giảm đáng kể.",blog_032.jpg,https://health.vn/article/1753,PUBLISHED,311,21,29,"25,146",2024-11-22 00:00:00
Dinh dưỡng với công nghệ mới,Bài viết cung cấp những kiến thức quan trọng về chăm sóc sức khỏe toàn diện. Khám phá cách ứng dụng công nghệ trong việc chẩn đoán và điều trị bệnh.,"Chăm sóc sức khỏe cá nhân không chỉ dừng lại ở việc khám bệnh định kỳ, mà còn bao gồm chế độ ăn uống và luyện tập khoa học. Nhiều nghiên cứu cho thấy việc duy trì lối sống lành mạnh có thể giảm nguy cơ mắc bệnh mãn tính.

Công nghệ robot hỗ trợ phẫu thuật đang mở ra một kỷ nguyên mới trong ngành y. Bệnh nhân hồi phục nhanh hơn và tỷ lệ biến chứng giảm đáng kể.

Y học hiện đại kết hợp với dữ liệu lớn (Big Data) đang giúp phát hiện sớm các bệnh nguy hiểm như ung thư, tim mạch, hay tiểu đường.

Không chỉ về mặt kỹ thuật, yếu tố con người vẫn là trung tâm của y học. Tình cảm, sự đồng cảm của bác sĩ đóng vai trò lớn trong hiệu quả điều trị.",blog_041.jpg,https://health.vn/article/9899,ARCHIVED,3445,26,24,32,2024-02-28 00:00:00
